<?xml version = '1.0' encoding = 'UTF-8'?>
<FKIndexAssociation class="oracle.dbtools.crest.model.design.relational.FKIndexAssociation" directorySegmentName="seg_0" id="09E6EBF6-A26E-BA87-08E3-D345FBFDA83A" containerWithKeyObject="B56D5AC0-2D3A-9245-B5E5-A3F781315B5F" localFKIndex="30F84AC8-988C-1DD9-0B92-E334C67F7D5A" name="Ciudad_Pais_FK">
<createdBy>jose</createdBy>
<createdTime>2019-07-07 18:20:14 UTC</createdTime>
<generatorID>7BE47BAF-D7BB-973D-5D17-D3E627C33790</generatorID>
<ownerDesignName>ModeloOnTour</ownerDesignName>
<referredTableLongName>Pais</referredTableLongName>
<deleteRule>NO ACTION</deleteRule>
<referredTableID>F48D6C93-8890-B9E4-9BD3-027AFF65B85C</referredTableID>
<keyObject>56E16B06-39F4-EE75-3F7A-CBDBEC2F0C20</keyObject>
<referredKeyID>56E16B06-39F4-EE75-3F7A-CBDBEC2F0C20</referredKeyID>
<mandatory>true</mandatory>
<refColNames>CodPais</refColNames>
<transferable>true</transferable>
<rely>false</rely>
<columnDependencyConstraintGenerateInDDL>true</columnDependencyConstraintGenerateInDDL>
</FKIndexAssociation>