<?xml version = '1.0' encoding = 'UTF-8'?>
<FKIndexAssociation class="oracle.dbtools.crest.model.design.relational.FKIndexAssociation" directorySegmentName="seg_0" id="0DA59525-6690-24E2-A1E6-C7C41847EDA0" containerWithKeyObject="24E03342-DF28-0E2E-62E8-1F95E4FF7E1D" localFKIndex="335F26F8-02DB-499B-0D51-BE262CB02EAA" name="Contrato_Ciudad_FK">
<createdBy>jose</createdBy>
<createdTime>2019-07-07 18:20:14 UTC</createdTime>
<generatorID>55D95963-3EE1-740E-5058-784E11E06348</generatorID>
<ownerDesignName>ModeloOnTour</ownerDesignName>
<referredTableLongName>Ciudad</referredTableLongName>
<deleteRule>NO ACTION</deleteRule>
<referredTableID>B56D5AC0-2D3A-9245-B5E5-A3F781315B5F</referredTableID>
<keyObject>1478F383-6A3B-6DF7-D6C4-95BBD6B1F80F</keyObject>
<referredKeyID>1478F383-6A3B-6DF7-D6C4-95BBD6B1F80F</referredKeyID>
<mandatory>true</mandatory>
<refColNames>CodCiudad</refColNames>
<transferable>true</transferable>
<rely>false</rely>
<columnDependencyConstraintGenerateInDDL>true</columnDependencyConstraintGenerateInDDL>
</FKIndexAssociation>