<?xml version = '1.0' encoding = 'UTF-8'?>
<FKIndexAssociation class="oracle.dbtools.crest.model.design.relational.FKIndexAssociation" directorySegmentName="seg_0" id="1461CF30-90A2-CA79-2E70-4EE2ED6BCC15" containerWithKeyObject="F1FB5F89-F056-F882-20F1-6108C163658C" localFKIndex="8AE90B20-D8DB-AC1F-6CF0-B0367CD2D1A3" name="TipActividad_ModAporte_FK">
<createdBy>jose</createdBy>
<createdTime>2019-07-07 18:20:14 UTC</createdTime>
<generatorID>87E30D47-3365-AFD1-B399-73F50E34ACCD</generatorID>
<ownerDesignName>ModeloOnTour</ownerDesignName>
<referredTableLongName>ModAporte</referredTableLongName>
<deleteRule>NO ACTION</deleteRule>
<referredTableID>F63BB379-479B-5BCD-400B-9F31E90A5BEC</referredTableID>
<keyObject>23BD7170-7CE9-08F1-36B8-2D20BD7A6F5B</keyObject>
<referredKeyID>23BD7170-7CE9-08F1-36B8-2D20BD7A6F5B</referredKeyID>
<mandatory>true</mandatory>
<refColNames>idMod</refColNames>
<transferable>true</transferable>
<rely>false</rely>
<columnDependencyConstraintGenerateInDDL>true</columnDependencyConstraintGenerateInDDL>
</FKIndexAssociation>