<?xml version = '1.0' encoding = 'UTF-8'?>
<FKIndexAssociation class="oracle.dbtools.crest.model.design.relational.FKIndexAssociation" directorySegmentName="seg_0" id="2539EAC7-DF12-6D51-ECBF-0BD17C66A958" containerWithKeyObject="158C6808-DAC4-E7E5-D215-6B5C25B6319D" localFKIndex="8089BD60-D94F-84BB-C9EB-93CA4E619DBA" name="Usuario_Adm_Sis_FK">
<createdBy>jose</createdBy>
<createdTime>2019-07-07 18:20:14 UTC</createdTime>
<generatorID>195168C0-3D4D-0BD7-D71C-5C60CD1014D2</generatorID>
<ownerDesignName>ModeloOnTour</ownerDesignName>
<referredTableLongName>Adm_Sis</referredTableLongName>
<deleteRule>NO ACTION</deleteRule>
<referredTableID>81A3120B-1E0E-B5CD-97AA-C06D3A462E27</referredTableID>
<keyObject>A8E7D35F-1E3B-17BA-EE99-6DC1149E3C82</keyObject>
<referredKeyID>A8E7D35F-1E3B-17BA-EE99-6DC1149E3C82</referredKeyID>
<mandatory>true</mandatory>
<refColNames>RutAdmSis</refColNames>
<transferable>true</transferable>
<rely>false</rely>
<columnDependencyConstraintGenerateInDDL>true</columnDependencyConstraintGenerateInDDL>
</FKIndexAssociation>