<?xml version = '1.0' encoding = 'UTF-8'?>
<FKIndexAssociation class="oracle.dbtools.crest.model.design.relational.FKIndexAssociation" directorySegmentName="seg_0" id="2622C8CF-DFB1-AB97-CEF5-88ADA330490A" containerWithKeyObject="2D9050D3-DBB3-82D2-F286-0ED913D57D00" localFKIndex="7F94B053-3C78-80CD-4373-1D7ABBD15544" name="Curso_Colegio_FK">
<createdBy>jose</createdBy>
<createdTime>2019-07-07 18:20:14 UTC</createdTime>
<generatorID>10CD345E-C92D-F679-2F9F-58556B0B8609</generatorID>
<ownerDesignName>ModeloOnTour</ownerDesignName>
<referredTableLongName>Colegio</referredTableLongName>
<deleteRule>NO ACTION</deleteRule>
<referredTableID>CFEF9CEB-2F64-CEFB-A058-D598148625BF</referredTableID>
<keyObject>C2912FFA-6766-1263-1206-526F768F177E</keyObject>
<referredKeyID>C2912FFA-6766-1263-1206-526F768F177E</referredKeyID>
<mandatory>true</mandatory>
<refColNames>CodColegio</refColNames>
<transferable>true</transferable>
<rely>false</rely>
<columnDependencyConstraintGenerateInDDL>true</columnDependencyConstraintGenerateInDDL>
</FKIndexAssociation>