<?xml version = '1.0' encoding = 'UTF-8'?>
<FKIndexAssociation class="oracle.dbtools.crest.model.design.relational.FKIndexAssociation" directorySegmentName="seg_0" id="2FABB864-A49D-DC51-7BC7-224250845BA5" containerWithKeyObject="24E03342-DF28-0E2E-62E8-1F95E4FF7E1D" localFKIndex="3A1EA373-4EE0-0CE8-C661-2842E024D501" name="Contrato_TipActividad_FK">
<createdBy>jose</createdBy>
<createdTime>2019-07-07 18:20:14 UTC</createdTime>
<generatorID>38B9708F-4524-C2C2-9565-20E7BAFA2C40</generatorID>
<ownerDesignName>ModeloOnTour</ownerDesignName>
<referredTableLongName>TipActividad</referredTableLongName>
<deleteRule>NO ACTION</deleteRule>
<referredTableID>F1FB5F89-F056-F882-20F1-6108C163658C</referredTableID>
<keyObject>9AA87A8D-2984-9EEA-471E-332F8DCF768D</keyObject>
<referredKeyID>9AA87A8D-2984-9EEA-471E-332F8DCF768D</referredKeyID>
<mandatory>true</mandatory>
<refColNames>idTipoAct</refColNames>
<transferable>true</transferable>
<rely>false</rely>
<columnDependencyConstraintGenerateInDDL>true</columnDependencyConstraintGenerateInDDL>
</FKIndexAssociation>