<?xml version = '1.0' encoding = 'UTF-8'?>
<FKIndexAssociation class="oracle.dbtools.crest.model.design.relational.FKIndexAssociation" directorySegmentName="seg_0" id="3715DAFC-08B6-05A8-A827-44AABA9024E6" containerWithKeyObject="24E03342-DF28-0E2E-62E8-1F95E4FF7E1D" localFKIndex="9B6A3B50-D9CC-BB92-4798-D59934707F78" name="Contrato_Ejecutivo_FK">
<createdBy>jose</createdBy>
<createdTime>2019-07-07 18:20:14 UTC</createdTime>
<generatorID>0A539839-A583-A7D4-8F75-CFB361E90967</generatorID>
<ownerDesignName>ModeloOnTour</ownerDesignName>
<referredTableLongName>Ejecutivo</referredTableLongName>
<deleteRule>NO ACTION</deleteRule>
<referredTableID>87CD7BA3-BD8F-1F3B-3D1B-AC34AD6FFEFE</referredTableID>
<keyObject>F0051E06-4D46-6B30-2576-EB45498BC74D</keyObject>
<referredKeyID>F0051E06-4D46-6B30-2576-EB45498BC74D</referredKeyID>
<mandatory>true</mandatory>
<refColNames>RutEjecutivo</refColNames>
<transferable>true</transferable>
<rely>false</rely>
<columnDependencyConstraintGenerateInDDL>true</columnDependencyConstraintGenerateInDDL>
</FKIndexAssociation>