<?xml version = '1.0' encoding = 'UTF-8'?>
<FKIndexAssociation class="oracle.dbtools.crest.model.design.relational.FKIndexAssociation" directorySegmentName="seg_0" id="3AF2E55A-18BF-B71F-A19D-D6822C0FBA7C" containerWithKeyObject="158C6808-DAC4-E7E5-D215-6B5C25B6319D" localFKIndex="69310DB3-3374-9561-0A20-7B5DFEB6B880" name="Usuario_Apoderado_FK">
<createdBy>jose</createdBy>
<createdTime>2019-07-07 18:20:14 UTC</createdTime>
<generatorID>5F751A37-06E0-59FF-EFB0-B8114245B5FD</generatorID>
<ownerDesignName>ModeloOnTour</ownerDesignName>
<referredTableLongName>Apoderado</referredTableLongName>
<deleteRule>NO ACTION</deleteRule>
<referredTableID>F9F5F7E8-99EB-B1FE-B1C2-A14670344442</referredTableID>
<keyObject>B4FA890E-B402-A28F-828B-2B619D6A05DD</keyObject>
<referredKeyID>B4FA890E-B402-A28F-828B-2B619D6A05DD</referredKeyID>
<mandatory>true</mandatory>
<refColNames>RutApoderado</refColNames>
<transferable>true</transferable>
<rely>false</rely>
<columnDependencyConstraintGenerateInDDL>true</columnDependencyConstraintGenerateInDDL>
</FKIndexAssociation>