<?xml version = '1.0' encoding = 'UTF-8'?>
<FKIndexAssociation class="oracle.dbtools.crest.model.design.relational.FKIndexAssociation" directorySegmentName="seg_0" id="3D5E3C06-AE45-3AA5-E4E1-14C3523E4913" containerWithKeyObject="DF610D40-40A9-D48E-6496-DCA2666AACD5" localFKIndex="B1948566-A8AD-6571-D0C0-70EC38400D76" name="Detalle_Seguro_Seguro_FK">
<createdBy>jose</createdBy>
<createdTime>2019-07-07 18:20:14 UTC</createdTime>
<generatorID>4AC9718A-2A9F-8FB2-BAA0-B53C9387B9A6</generatorID>
<ownerDesignName>ModeloOnTour</ownerDesignName>
<referredTableLongName>Seguro</referredTableLongName>
<deleteRule>NO ACTION</deleteRule>
<referredTableID>D88E50AB-854E-E51E-0705-B651DFA5DF9D</referredTableID>
<keyObject>AEE25F53-CFB0-7CCA-0980-BE367A332D91</keyObject>
<referredKeyID>AEE25F53-CFB0-7CCA-0980-BE367A332D91</referredKeyID>
<mandatory>true</mandatory>
<refColNames>IdSeguro</refColNames>
<transferable>true</transferable>
<rely>false</rely>
<columnDependencyConstraintGenerateInDDL>true</columnDependencyConstraintGenerateInDDL>
</FKIndexAssociation>