<?xml version = '1.0' encoding = 'UTF-8'?>
<FKIndexAssociation class="oracle.dbtools.crest.model.design.relational.FKIndexAssociation" directorySegmentName="seg_0" id="438CB423-C43E-A375-B82E-2907348A92B3" containerWithKeyObject="ADBA3F08-16C9-D9FA-9AEA-DDF543B12D11" localFKIndex="5A3FC004-7D80-4984-ADF7-76E073FE4C8C" name="Alumno_Curso_FK">
<createdBy>jose</createdBy>
<createdTime>2019-07-07 18:20:14 UTC</createdTime>
<generatorID>DA4A36B0-B764-C3A8-B00D-F767886843C8</generatorID>
<ownerDesignName>ModeloOnTour</ownerDesignName>
<referredTableLongName>Curso</referredTableLongName>
<deleteRule>NO ACTION</deleteRule>
<referredTableID>2D9050D3-DBB3-82D2-F286-0ED913D57D00</referredTableID>
<keyObject>B8F0A12D-7DCD-684B-4ED1-B3DBC12FAD60</keyObject>
<referredKeyID>B8F0A12D-7DCD-684B-4ED1-B3DBC12FAD60</referredKeyID>
<mandatory>true</mandatory>
<refColNames>IdCurso</refColNames>
<transferable>true</transferable>
<rely>false</rely>
<columnDependencyConstraintGenerateInDDL>true</columnDependencyConstraintGenerateInDDL>
</FKIndexAssociation>