<?xml version = '1.0' encoding = 'UTF-8'?>
<FKIndexAssociation class="oracle.dbtools.crest.model.design.relational.FKIndexAssociation" directorySegmentName="seg_0" id="67BA0760-AD2B-906A-67C1-338B1E1FF49C" containerWithKeyObject="24E03342-DF28-0E2E-62E8-1F95E4FF7E1D" localFKIndex="7F618612-9B40-6C8E-410E-7E35B0F251E1" name="Contrato_Curso_FK">
<createdBy>jose</createdBy>
<createdTime>2019-07-07 18:20:14 UTC</createdTime>
<generatorID>A084FFDE-E4DD-737B-BEF6-6F9A3ACEB578</generatorID>
<ownerDesignName>ModeloOnTour</ownerDesignName>
<referredTableLongName>Curso</referredTableLongName>
<deleteRule>NO ACTION</deleteRule>
<referredTableID>2D9050D3-DBB3-82D2-F286-0ED913D57D00</referredTableID>
<keyObject>B8F0A12D-7DCD-684B-4ED1-B3DBC12FAD60</keyObject>
<referredKeyID>B8F0A12D-7DCD-684B-4ED1-B3DBC12FAD60</referredKeyID>
<mandatory>true</mandatory>
<refColNames>IdCurso</refColNames>
<transferable>true</transferable>
<rely>false</rely>
<columnDependencyConstraintGenerateInDDL>true</columnDependencyConstraintGenerateInDDL>
</FKIndexAssociation>