<?xml version = '1.0' encoding = 'UTF-8'?>
<FKIndexAssociation class="oracle.dbtools.crest.model.design.relational.FKIndexAssociation" directorySegmentName="seg_0" id="818895D9-DD46-FF4D-58DF-899735D8BDB8" containerWithKeyObject="ADBA3F08-16C9-D9FA-9AEA-DDF543B12D11" localFKIndex="BB5471C8-9961-1CB1-194C-0536EDFB147D" name="Alumno_Apoderado_FK">
<createdBy>jose</createdBy>
<createdTime>2019-07-07 18:20:14 UTC</createdTime>
<generatorID>49C476D6-1025-A802-E0BB-06CA9069E259</generatorID>
<ownerDesignName>ModeloOnTour</ownerDesignName>
<referredTableLongName>Apoderado</referredTableLongName>
<deleteRule>NO ACTION</deleteRule>
<referredTableID>F9F5F7E8-99EB-B1FE-B1C2-A14670344442</referredTableID>
<keyObject>B4FA890E-B402-A28F-828B-2B619D6A05DD</keyObject>
<referredKeyID>B4FA890E-B402-A28F-828B-2B619D6A05DD</referredKeyID>
<mandatory>true</mandatory>
<refColNames>RutApoderado</refColNames>
<transferable>true</transferable>
<rely>false</rely>
<columnDependencyConstraintGenerateInDDL>true</columnDependencyConstraintGenerateInDDL>
</FKIndexAssociation>