<?xml version = '1.0' encoding = 'UTF-8'?>
<FKIndexAssociation class="oracle.dbtools.crest.model.design.relational.FKIndexAssociation" directorySegmentName="seg_0" id="8719D1BF-250D-5123-D24B-53B2775B403C" containerWithKeyObject="158C6808-DAC4-E7E5-D215-6B5C25B6319D" localFKIndex="4536E887-214B-11F5-5788-2F67B54B897A" name="Usuario_Dueño_FK">
<createdBy>jose</createdBy>
<createdTime>2019-07-07 18:20:14 UTC</createdTime>
<generatorID>B0EDA57A-8A89-4CE8-EAAA-78A5F5EB68BF</generatorID>
<ownerDesignName>ModeloOnTour</ownerDesignName>
<referredTableLongName>Dueño</referredTableLongName>
<deleteRule>NO ACTION</deleteRule>
<referredTableID>52C0868E-85E2-15F9-7152-AD29BB7C0BA9</referredTableID>
<keyObject>E04BC1C3-5C9C-E046-53FA-C17E7B178E7D</keyObject>
<referredKeyID>E04BC1C3-5C9C-E046-53FA-C17E7B178E7D</referredKeyID>
<mandatory>true</mandatory>
<refColNames>RutDueño</refColNames>
<transferable>true</transferable>
<rely>false</rely>
<columnDependencyConstraintGenerateInDDL>true</columnDependencyConstraintGenerateInDDL>
</FKIndexAssociation>