<?xml version = '1.0' encoding = 'UTF-8'?>
<FKIndexAssociation class="oracle.dbtools.crest.model.design.relational.FKIndexAssociation" directorySegmentName="seg_0" id="90BE3103-8EB2-EDFF-21B7-175521E0D5B6" containerWithKeyObject="3F3E761F-EFEF-F916-C284-73E81B6956F7" localFKIndex="05A0C9FF-FAEE-C829-C132-F4BA26A2E165" name="Detalle_Beneficio_Contrato_FK">
<createdBy>jose</createdBy>
<createdTime>2019-07-07 18:20:14 UTC</createdTime>
<generatorID>B5739B7D-D06F-F764-4E34-4AF25C253BDB</generatorID>
<ownerDesignName>ModeloOnTour</ownerDesignName>
<referredTableLongName>Contrato</referredTableLongName>
<deleteRule>NO ACTION</deleteRule>
<referredTableID>24E03342-DF28-0E2E-62E8-1F95E4FF7E1D</referredTableID>
<keyObject>E1CB54A6-EA94-E71C-3A1B-4F74BFC9B1D2</keyObject>
<referredKeyID>E1CB54A6-EA94-E71C-3A1B-4F74BFC9B1D2</referredKeyID>
<mandatory>true</mandatory>
<refColNames>NumContrato</refColNames>
<transferable>true</transferable>
<rely>false</rely>
<columnDependencyConstraintGenerateInDDL>true</columnDependencyConstraintGenerateInDDL>
</FKIndexAssociation>