<?xml version = '1.0' encoding = 'UTF-8'?>
<FKIndexAssociation class="oracle.dbtools.crest.model.design.relational.FKIndexAssociation" directorySegmentName="seg_0" id="9BDED15D-2E65-6AA2-BF19-7B9813413EE7" containerWithKeyObject="BE996A54-3172-6FB4-47E3-86DC544F2B40" localFKIndex="C7A9F7A5-CEB0-3E22-0F19-E5DFF31CC8BD" name="Deposito_Curso_FK">
<createdBy>jose</createdBy>
<createdTime>2019-07-07 18:20:14 UTC</createdTime>
<generatorID>D09BA76E-92D3-4990-1E1C-D854C3D4EC40</generatorID>
<ownerDesignName>ModeloOnTour</ownerDesignName>
<referredTableLongName>Curso</referredTableLongName>
<deleteRule>NO ACTION</deleteRule>
<referredTableID>2D9050D3-DBB3-82D2-F286-0ED913D57D00</referredTableID>
<keyObject>B8F0A12D-7DCD-684B-4ED1-B3DBC12FAD60</keyObject>
<referredKeyID>B8F0A12D-7DCD-684B-4ED1-B3DBC12FAD60</referredKeyID>
<mandatory>true</mandatory>
<refColNames>IdCurso</refColNames>
<transferable>true</transferable>
<rely>false</rely>
<columnDependencyConstraintGenerateInDDL>true</columnDependencyConstraintGenerateInDDL>
</FKIndexAssociation>