<?xml version = '1.0' encoding = 'UTF-8'?>
<FKIndexAssociation class="oracle.dbtools.crest.model.design.relational.FKIndexAssociation" directorySegmentName="seg_0" id="A0027BEB-70E4-769A-B299-1A5E6CB260AA" containerWithKeyObject="192E50AF-FDB8-FA4A-E4FA-4DB478AEE760" localFKIndex="68D029BE-EC08-6934-4067-55D7E87AA0A8" name="Detalle_Actividad_Actividad_FK">
<createdBy>jose</createdBy>
<createdTime>2019-07-07 18:20:14 UTC</createdTime>
<generatorID>AFAE3CD8-C191-1FCF-90A5-19AB9EA5EA92</generatorID>
<ownerDesignName>ModeloOnTour</ownerDesignName>
<referredTableLongName>Actividad</referredTableLongName>
<deleteRule>NO ACTION</deleteRule>
<referredTableID>0E310779-BC26-7966-5E5B-8CDAE7BD5CE8</referredTableID>
<keyObject>03078D30-61BE-AA1E-8DA6-BFBDF79B1E12</keyObject>
<referredKeyID>03078D30-61BE-AA1E-8DA6-BFBDF79B1E12</referredKeyID>
<mandatory>true</mandatory>
<refColNames>IdActividad</refColNames>
<transferable>true</transferable>
<rely>false</rely>
<columnDependencyConstraintGenerateInDDL>true</columnDependencyConstraintGenerateInDDL>
</FKIndexAssociation>