<?xml version = '1.0' encoding = 'UTF-8'?>
<FKIndexAssociation class="oracle.dbtools.crest.model.design.relational.FKIndexAssociation" directorySegmentName="seg_0" id="ABD3EFEA-8D3A-E5F6-A2BA-665C7C73E92D" containerWithKeyObject="DF610D40-40A9-D48E-6496-DCA2666AACD5" localFKIndex="600D8900-D893-DA6A-5813-95980ABB2890" name="Detalle_Seguro_Contrato_FK">
<createdBy>jose</createdBy>
<createdTime>2019-07-07 18:20:14 UTC</createdTime>
<generatorID>64324188-7A4E-5EE5-4B63-25CD2FBA847F</generatorID>
<ownerDesignName>ModeloOnTour</ownerDesignName>
<referredTableLongName>Contrato</referredTableLongName>
<deleteRule>NO ACTION</deleteRule>
<referredTableID>24E03342-DF28-0E2E-62E8-1F95E4FF7E1D</referredTableID>
<keyObject>E1CB54A6-EA94-E71C-3A1B-4F74BFC9B1D2</keyObject>
<referredKeyID>E1CB54A6-EA94-E71C-3A1B-4F74BFC9B1D2</referredKeyID>
<mandatory>true</mandatory>
<refColNames>NumContrato</refColNames>
<transferable>true</transferable>
<rely>false</rely>
<columnDependencyConstraintGenerateInDDL>true</columnDependencyConstraintGenerateInDDL>
</FKIndexAssociation>