<?xml version = '1.0' encoding = 'UTF-8'?>
<FKIndexAssociation class="oracle.dbtools.crest.model.design.relational.FKIndexAssociation" directorySegmentName="seg_0" id="CF0CB76B-A46B-399B-E1C8-74866C11F668" containerWithKeyObject="3F3E761F-EFEF-F916-C284-73E81B6956F7" localFKIndex="B8FF802C-B7F4-573D-8A0B-230E71B06893" name="Detalle_Beneficio_Beneficio_FK">
<createdBy>jose</createdBy>
<createdTime>2019-07-07 18:20:14 UTC</createdTime>
<generatorID>A78FBFBB-F849-5232-47EC-A691C58CF56B</generatorID>
<ownerDesignName>ModeloOnTour</ownerDesignName>
<referredTableLongName>Beneficio</referredTableLongName>
<deleteRule>NO ACTION</deleteRule>
<referredTableID>56771017-B074-5F79-EAB9-122D31C451DE</referredTableID>
<keyObject>29D74AE8-7462-9317-80BF-C20D07A1D7F1</keyObject>
<referredKeyID>29D74AE8-7462-9317-80BF-C20D07A1D7F1</referredKeyID>
<mandatory>true</mandatory>
<refColNames>idBenefico</refColNames>
<transferable>true</transferable>
<rely>false</rely>
<columnDependencyConstraintGenerateInDDL>true</columnDependencyConstraintGenerateInDDL>
</FKIndexAssociation>