<?xml version = '1.0' encoding = 'UTF-8'?>
<FKIndexAssociation class="oracle.dbtools.crest.model.design.relational.FKIndexAssociation" directorySegmentName="seg_0" id="E3A78058-4A30-434C-4755-B8045219C6A8" containerWithKeyObject="D88E50AB-854E-E51E-0705-B651DFA5DF9D" localFKIndex="A4E52E29-66AB-24E5-1C9A-34E1332D4203" name="Seguro_EmpAseg_FK">
<createdBy>jose</createdBy>
<createdTime>2019-07-07 18:20:14 UTC</createdTime>
<generatorID>2F31E3A0-B167-6DFD-7572-DA17BAF9E9F6</generatorID>
<ownerDesignName>ModeloOnTour</ownerDesignName>
<referredTableLongName>EmpAseg</referredTableLongName>
<deleteRule>NO ACTION</deleteRule>
<referredTableID>FA5F78CD-CAE1-91F3-D6FF-8471763CD213</referredTableID>
<keyObject>42A13430-58F0-DCBE-2203-3F5AF8659075</keyObject>
<referredKeyID>42A13430-58F0-DCBE-2203-3F5AF8659075</referredKeyID>
<mandatory>true</mandatory>
<refColNames>RutEmp</refColNames>
<transferable>true</transferable>
<rely>false</rely>
<columnDependencyConstraintGenerateInDDL>true</columnDependencyConstraintGenerateInDDL>
</FKIndexAssociation>