<?xml version = '1.0' encoding = 'UTF-8'?>
<FKIndexAssociation class="oracle.dbtools.crest.model.design.relational.FKIndexAssociation" directorySegmentName="seg_0" id="E64ABE83-8574-7F2A-743A-56878B2A0084" containerWithKeyObject="192E50AF-FDB8-FA4A-E4FA-4DB478AEE760" localFKIndex="559896E4-9EAC-D7A9-D206-555478740EF2" name="Detalle_Actividad_Contrato_FK">
<createdBy>jose</createdBy>
<createdTime>2019-07-07 18:20:14 UTC</createdTime>
<generatorID>EE8A31D4-7CBB-4D54-C400-7166330EFCBB</generatorID>
<ownerDesignName>ModeloOnTour</ownerDesignName>
<referredTableLongName>Contrato</referredTableLongName>
<deleteRule>NO ACTION</deleteRule>
<referredTableID>24E03342-DF28-0E2E-62E8-1F95E4FF7E1D</referredTableID>
<keyObject>E1CB54A6-EA94-E71C-3A1B-4F74BFC9B1D2</keyObject>
<referredKeyID>E1CB54A6-EA94-E71C-3A1B-4F74BFC9B1D2</referredKeyID>
<mandatory>true</mandatory>
<refColNames>NumContrato</refColNames>
<transferable>true</transferable>
<rely>false</rely>
<columnDependencyConstraintGenerateInDDL>true</columnDependencyConstraintGenerateInDDL>
</FKIndexAssociation>