<?xml version = '1.0' encoding = 'UTF-8'?>
<FKIndexAssociation class="oracle.dbtools.crest.model.design.relational.FKIndexAssociation" directorySegmentName="seg_0" id="EB67B699-15E0-8A9B-1E48-7205E927A3E1" containerWithKeyObject="158C6808-DAC4-E7E5-D215-6B5C25B6319D" localFKIndex="009B937E-93A2-DF81-D0B3-1745E81ECE1A" name="Usuario_Ejecutivo_FK">
<createdBy>jose</createdBy>
<createdTime>2019-07-07 18:20:14 UTC</createdTime>
<generatorID>314027AA-90CC-35A5-64B5-46084A400FB1</generatorID>
<ownerDesignName>ModeloOnTour</ownerDesignName>
<referredTableLongName>Ejecutivo</referredTableLongName>
<deleteRule>NO ACTION</deleteRule>
<referredTableID>87CD7BA3-BD8F-1F3B-3D1B-AC34AD6FFEFE</referredTableID>
<keyObject>F0051E06-4D46-6B30-2576-EB45498BC74D</keyObject>
<referredKeyID>F0051E06-4D46-6B30-2576-EB45498BC74D</referredKeyID>
<mandatory>true</mandatory>
<refColNames>RutEjecutivo</refColNames>
<transferable>true</transferable>
<rely>false</rely>
<columnDependencyConstraintGenerateInDDL>true</columnDependencyConstraintGenerateInDDL>
</FKIndexAssociation>