<?xml version = '1.0' encoding = 'UTF-8'?>
<FKIndexAssociation class="oracle.dbtools.crest.model.design.relational.FKIndexAssociation" directorySegmentName="seg_0" id="ED1D1F5A-76C8-3AB7-7AAD-225E3D44F30D" containerWithKeyObject="BE996A54-3172-6FB4-47E3-86DC544F2B40" localFKIndex="C833986F-0B73-DB4F-9C1A-E71EF64915EE" name="Deposito_Apoderado_FK">
<createdBy>jose</createdBy>
<createdTime>2019-07-07 18:20:14 UTC</createdTime>
<generatorID>99C5DA64-F2B0-F8FE-C84D-A141AB5F12F2</generatorID>
<ownerDesignName>ModeloOnTour</ownerDesignName>
<referredTableLongName>Apoderado</referredTableLongName>
<deleteRule>NO ACTION</deleteRule>
<referredTableID>F9F5F7E8-99EB-B1FE-B1C2-A14670344442</referredTableID>
<keyObject>B4FA890E-B402-A28F-828B-2B619D6A05DD</keyObject>
<referredKeyID>B4FA890E-B402-A28F-828B-2B619D6A05DD</referredKeyID>
<mandatory>true</mandatory>
<refColNames>RutApoderado</refColNames>
<transferable>true</transferable>
<rely>false</rely>
<columnDependencyConstraintGenerateInDDL>true</columnDependencyConstraintGenerateInDDL>
</FKIndexAssociation>