<?xml version = '1.0' encoding = 'UTF-8'?>
<FKIndexAssociation class="oracle.dbtools.crest.model.design.relational.FKIndexAssociation" directorySegmentName="seg_0" id="F246042A-F2B6-B9FF-A4A2-CA8DA4641609" containerWithKeyObject="CFEF9CEB-2F64-CEFB-A058-D598148625BF" localFKIndex="AFD7B501-C7C6-2C57-BB91-640FE2E0D9CF" name="Colegio_TipCole_FK">
<createdBy>jose</createdBy>
<createdTime>2019-07-07 18:20:14 UTC</createdTime>
<generatorID>A0C98746-895D-60C6-6C59-D376CE1A45C5</generatorID>
<ownerDesignName>ModeloOnTour</ownerDesignName>
<referredTableLongName>TipCole</referredTableLongName>
<deleteRule>NO ACTION</deleteRule>
<referredTableID>34857499-98DA-CFE3-B10B-153446225C39</referredTableID>
<keyObject>F553A909-245D-0EFE-08D7-2C9C44DFF2E2</keyObject>
<referredKeyID>F553A909-245D-0EFE-08D7-2C9C44DFF2E2</referredKeyID>
<mandatory>true</mandatory>
<refColNames>idTipo</refColNames>
<transferable>true</transferable>
<rely>false</rely>
<columnDependencyConstraintGenerateInDDL>true</columnDependencyConstraintGenerateInDDL>
</FKIndexAssociation>