<?xml version = '1.0' encoding = 'UTF-8'?>
<Relation class="oracle.dbtools.crest.model.design.logical.Relation" name="rln_ejecutivo_contrato" directorySegmentName="seg_0" id="0A539839-A583-A7D4-8F75-CFB361E90967">
<createdBy>jose</createdBy>
<createdTime>2019-06-06 01:00:43 UTC</createdTime>
<ownerDesignName>ModeloOnTour</ownerDesignName>
<engineerTo>
<item key="32ACCB6A-201C-36C5-1F7F-195C19F4CAC1" value="true"/>
</engineerTo>
<sourcePk>3A190202-A83A-DB09-E6F9-55CDB46B1993</sourcePk>
<identifying>true</identifying>
<optionalSource>true</optionalSource>
<optionalTarget>false</optionalTarget>
<sourceCardinality>1</sourceCardinality>
<sourceEntity>D381D020-1595-F644-8241-085D9A6341A9</sourceEntity>
<targetCardinalityString>*</targetCardinalityString>
<targetEntity>D2582134-FDB0-FB3B-188D-D72D9B974C21</targetEntity>
<transferable>true</transferable>
<deleteRule>NO ACTION</deleteRule>
</Relation>