<?xml version = '1.0' encoding = 'UTF-8'?>
<Relation class="oracle.dbtools.crest.model.design.logical.Relation" name="rln_admSistema_ctaUsuario" directorySegmentName="seg_0" id="195168C0-3D4D-0BD7-D71C-5C60CD1014D2">
<createdBy>jose</createdBy>
<createdTime>2019-06-07 21:28:59 UTC</createdTime>
<ownerDesignName>ModeloOnTour</ownerDesignName>
<engineerTo>
<item key="32ACCB6A-201C-36C5-1F7F-195C19F4CAC1" value="true"/>
</engineerTo>
<sourcePk>66FD39D1-611B-34DE-51CC-FA105DE95AFE</sourcePk>
<identifying>true</identifying>
<optionalSource>true</optionalSource>
<optionalTarget>false</optionalTarget>
<sourceCardinality>1</sourceCardinality>
<sourceEntity>E770532A-C72D-C20F-70D7-5C1C838BA4E5</sourceEntity>
<targetCardinalityString>*</targetCardinalityString>
<targetEntity>D7D6C7EE-572E-4329-AB64-F4F534F06D2C</targetEntity>
<transferable>true</transferable>
<deleteRule>NO ACTION</deleteRule>
</Relation>