<?xml version = '1.0' encoding = 'UTF-8'?>
<Relation class="oracle.dbtools.crest.model.design.logical.Relation" name="rln_ejecutivo_ctaUsuario" directorySegmentName="seg_0" id="314027AA-90CC-35A5-64B5-46084A400FB1">
<createdBy>jose</createdBy>
<createdTime>2019-06-07 21:20:30 UTC</createdTime>
<ownerDesignName>ModeloOnTour</ownerDesignName>
<engineerTo>
<item key="32ACCB6A-201C-36C5-1F7F-195C19F4CAC1" value="true"/>
</engineerTo>
<sourcePk>3A190202-A83A-DB09-E6F9-55CDB46B1993</sourcePk>
<identifying>true</identifying>
<optionalSource>true</optionalSource>
<optionalTarget>false</optionalTarget>
<sourceCardinality>1</sourceCardinality>
<sourceEntity>D381D020-1595-F644-8241-085D9A6341A9</sourceEntity>
<targetCardinalityString>*</targetCardinalityString>
<targetEntity>D7D6C7EE-572E-4329-AB64-F4F534F06D2C</targetEntity>
<transferable>true</transferable>
<deleteRule>NO ACTION</deleteRule>
</Relation>