<?xml version = '1.0' encoding = 'UTF-8'?>
<Relation class="oracle.dbtools.crest.model.design.logical.Relation" name="rln_apoderado_ctaUsuario" directorySegmentName="seg_0" id="5F751A37-06E0-59FF-EFB0-B8114245B5FD">
<createdBy>jose</createdBy>
<createdTime>2019-06-07 21:19:34 UTC</createdTime>
<ownerDesignName>ModeloOnTour</ownerDesignName>
<engineerTo>
<item key="32ACCB6A-201C-36C5-1F7F-195C19F4CAC1" value="true"/>
</engineerTo>
<sourcePk>E369D0BE-EE89-EE6B-CE0C-B202126AC9F2</sourcePk>
<identifying>true</identifying>
<optionalSource>true</optionalSource>
<optionalTarget>false</optionalTarget>
<sourceCardinality>1</sourceCardinality>
<sourceEntity>95E3E3F8-D32E-73A8-2ED8-486E53713F92</sourceEntity>
<targetCardinalityString>*</targetCardinalityString>
<targetEntity>D7D6C7EE-572E-4329-AB64-F4F534F06D2C</targetEntity>
<transferable>true</transferable>
<deleteRule>NO ACTION</deleteRule>
</Relation>