<?xml version = '1.0' encoding = 'UTF-8'?>
<Relation class="oracle.dbtools.crest.model.design.logical.Relation" name="rln_Contrato_detalleSeguro" directorySegmentName="seg_0" id="64324188-7A4E-5EE5-4B63-25CD2FBA847F">
<createdBy>jose</createdBy>
<createdTime>2019-06-06 01:54:44 UTC</createdTime>
<ownerDesignName>ModeloOnTour</ownerDesignName>
<engineerTo>
<item key="32ACCB6A-201C-36C5-1F7F-195C19F4CAC1" value="true"/>
<item key="4B805F8D-683E-EAD1-A49B-15918CB62FB7" value="true"/>
</engineerTo>
<sourcePk>05786FE4-3FF6-BD03-24D2-A77B18577E3B</sourcePk>
<identifying>true</identifying>
<optionalSource>true</optionalSource>
<optionalTarget>false</optionalTarget>
<sourceCardinality>1</sourceCardinality>
<sourceEntity>D2582134-FDB0-FB3B-188D-D72D9B974C21</sourceEntity>
<targetCardinalityString>*</targetCardinalityString>
<targetEntity>E0F0EADC-439A-5A29-C55A-6494C7ED8B5B</targetEntity>
<transferable>true</transferable>
<deleteRule>NO ACTION</deleteRule>
</Relation>