<?xml version = '1.0' encoding = 'UTF-8'?>
<Relation class="oracle.dbtools.crest.model.design.logical.Relation" name="rln_pais_ciudad" directorySegmentName="seg_0" id="7BE47BAF-D7BB-973D-5D17-D3E627C33790">
<createdBy>jose</createdBy>
<createdTime>2019-07-07 00:22:01 UTC</createdTime>
<ownerDesignName>ModeloOnTour</ownerDesignName>
<engineerTo>
<item key="32ACCB6A-201C-36C5-1F7F-195C19F4CAC1" value="true"/>
<item key="4B805F8D-683E-EAD1-A49B-15918CB62FB7" value="true"/>
</engineerTo>
<sourcePk>7A71CBD9-73E7-359E-ABD1-601E869E2F8C</sourcePk>
<identifying>true</identifying>
<optionalSource>true</optionalSource>
<optionalTarget>false</optionalTarget>
<sourceCardinality>1</sourceCardinality>
<sourceEntity>ED00C7F3-1B1B-445C-E4F7-1240CF7F5C95</sourceEntity>
<targetCardinalityString>*</targetCardinalityString>
<targetEntity>FE96C46D-6461-C4C0-D070-AF304E2830B4</targetEntity>
<transferable>true</transferable>
<deleteRule>NO ACTION</deleteRule>
</Relation>