<?xml version = '1.0' encoding = 'UTF-8'?>
<Relation class="oracle.dbtools.crest.model.design.logical.Relation" name="rln_modalidad_tipoActividad" directorySegmentName="seg_0" id="87E30D47-3365-AFD1-B399-73F50E34ACCD">
<createdBy>jose</createdBy>
<createdTime>2019-06-07 10:45:42 UTC</createdTime>
<ownerDesignName>ModeloOnTour</ownerDesignName>
<engineerTo>
<item key="32ACCB6A-201C-36C5-1F7F-195C19F4CAC1" value="true"/>
</engineerTo>
<sourcePk>D153301F-B14A-12BA-BA79-58A78B41CE3E</sourcePk>
<identifying>true</identifying>
<optionalSource>true</optionalSource>
<optionalTarget>false</optionalTarget>
<sourceCardinality>1</sourceCardinality>
<sourceEntity>33CA46FB-4D5F-7B95-4E94-6A92C6DF6AF1</sourceEntity>
<targetCardinalityString>*</targetCardinalityString>
<targetEntity>5B16F797-97A6-1F4C-92B3-5F42EA7C595B</targetEntity>
<transferable>true</transferable>
<deleteRule>NO ACTION</deleteRule>
</Relation>