<?xml version = '1.0' encoding = 'UTF-8'?>
<Relation class="oracle.dbtools.crest.model.design.logical.Relation" name="rln_apoderado_deposito" directorySegmentName="seg_0" id="99C5DA64-F2B0-F8FE-C84D-A141AB5F12F2">
<createdBy>jose</createdBy>
<createdTime>2019-07-07 01:38:27 UTC</createdTime>
<ownerDesignName>ModeloOnTour</ownerDesignName>
<engineerTo>
<item key="32ACCB6A-201C-36C5-1F7F-195C19F4CAC1" value="true"/>
<item key="4B805F8D-683E-EAD1-A49B-15918CB62FB7" value="true"/>
</engineerTo>
<sourcePk>E369D0BE-EE89-EE6B-CE0C-B202126AC9F2</sourcePk>
<identifying>true</identifying>
<optionalSource>true</optionalSource>
<optionalTarget>false</optionalTarget>
<sourceCardinality>1</sourceCardinality>
<sourceEntity>95E3E3F8-D32E-73A8-2ED8-486E53713F92</sourceEntity>
<targetCardinalityString>*</targetCardinalityString>
<targetEntity>577046C7-C5B5-FA3B-507F-95ABB07E4E23</targetEntity>
<transferable>true</transferable>
<deleteRule>NO ACTION</deleteRule>
</Relation>