<?xml version = '1.0' encoding = 'UTF-8'?>
<Relation class="oracle.dbtools.crest.model.design.logical.Relation" name="rln_tipoColegio_curso" directorySegmentName="seg_0" id="A0C98746-895D-60C6-6C59-D376CE1A45C5">
<createdBy>jose</createdBy>
<createdTime>2019-06-07 19:20:40 UTC</createdTime>
<ownerDesignName>ModeloOnTour</ownerDesignName>
<engineerTo>
<item key="32ACCB6A-201C-36C5-1F7F-195C19F4CAC1" value="true"/>
</engineerTo>
<sourcePk>63E0D115-CB8B-AED5-05D4-E8A8E6ACC306</sourcePk>
<identifying>true</identifying>
<optionalSource>true</optionalSource>
<optionalTarget>false</optionalTarget>
<sourceCardinality>1</sourceCardinality>
<sourceEntity>B699209D-0D8C-B6AF-48AA-34CE7FF213E2</sourceEntity>
<targetCardinalityString>*</targetCardinalityString>
<targetEntity>24515E81-310A-0E64-7770-4EBC53756C9D</targetEntity>
<transferable>true</transferable>
<deleteRule>NO ACTION</deleteRule>
</Relation>