<?xml version = '1.0' encoding = 'UTF-8'?>
<Relation class="oracle.dbtools.crest.model.design.logical.Relation" name="rln_dueño_ctaUsuario" directorySegmentName="seg_0" id="B0EDA57A-8A89-4CE8-EAAA-78A5F5EB68BF">
<createdBy>jose</createdBy>
<createdTime>2019-06-07 21:28:45 UTC</createdTime>
<ownerDesignName>ModeloOnTour</ownerDesignName>
<engineerTo>
<item key="32ACCB6A-201C-36C5-1F7F-195C19F4CAC1" value="true"/>
</engineerTo>
<sourcePk>3C9F1E33-274D-699F-4D28-862684E38100</sourcePk>
<identifying>true</identifying>
<optionalSource>true</optionalSource>
<optionalTarget>false</optionalTarget>
<sourceCardinality>1</sourceCardinality>
<sourceEntity>4CC39A79-C2D2-AA87-B890-9AE7F5C28F07</sourceEntity>
<targetCardinalityString>*</targetCardinalityString>
<targetEntity>D7D6C7EE-572E-4329-AB64-F4F534F06D2C</targetEntity>
<transferable>true</transferable>
<deleteRule>NO ACTION</deleteRule>
</Relation>