<?xml version = '1.0' encoding = 'UTF-8'?>
<Diagram class="oracle.dbtools.crest.swingui.logical.DPVLogical" name="Logical" id="7BA7530F-8CB9-7FE3-328B-4EC635C4959E">
<createdBy>jose</createdBy>
<modifiedBy>jose</modifiedBy>
<createdTime>2019-05-14 02:18:48 UTC</createdTime>
<autoRoute>false</autoRoute>
<boxInbox>true</boxInbox>
<showLegend>false</showLegend>
<showLabels>false</showLabels>
<showRelAttributes>false</showRelAttributes>
<gridEnabled>false</gridEnabled>
<showGrid>false</showGrid>
<diagramColor>-1</diagramColor>
<display>false</display>
<notation>1</notation>
<objectViews>
<OView class="oracle.dbtools.crest.swingui.logical.TVEntity" oid="01DFE89F-BAE7-94B7-54E0-DCA586DD59B7" otype="Entity" vid="FC445760-41CC-FC46-F4C5-E308071F0BCA">
<hideElementsInCurrentOnly>false</hideElementsInCurrentOnly>
<bounds x="43" y="572" width="170" height="130"/>
</OView>
<OView class="oracle.dbtools.crest.swingui.logical.TVEntity" oid="0C3EEE28-6AD2-014E-07A0-E3B08A3CC4FC" otype="Entity" vid="DDF0F27D-0656-F50F-47E5-BF13ED9FDA11">
<hideElementsInCurrentOnly>false</hideElementsInCurrentOnly>
<bounds x="291" y="418" width="159" height="75"/>
</OView>
<OView class="oracle.dbtools.crest.swingui.logical.TVEntity" oid="1186C77A-8ADD-C846-049E-C2C13446DFF9" otype="Entity" vid="F4FF5335-B7F0-65E9-4823-4514DCF7D081">
<hideElementsInCurrentOnly>false</hideElementsInCurrentOnly>
<bounds x="201" y="185" width="170" height="69"/>
</OView>
<OView class="oracle.dbtools.crest.swingui.logical.TVEntity" oid="2F82BEFD-080B-E97D-6F4E-FC803DD546F9" otype="Entity" vid="E588625A-A077-C748-1D36-B8AE5287CE6B">
<hideElementsInCurrentOnly>false</hideElementsInCurrentOnly>
<bounds x="18" y="230" width="144" height="109"/>
</OView>
<OView class="oracle.dbtools.crest.swingui.logical.TVEntity" oid="3DC51A18-93AA-DBAE-4078-84C02CBCFDA0" otype="Entity" vid="520142B3-DDF8-6D97-D963-831C81AED9DF">
<hideElementsInCurrentOnly>false</hideElementsInCurrentOnly>
<bounds x="199" y="112" width="158" height="64"/>
</OView>
<OView class="oracle.dbtools.crest.swingui.logical.TVEntity" oid="59F7D8AA-C930-A062-8B4A-CF24F859B299" otype="Entity" vid="CFA52726-69E7-ADA6-C503-0D87E3950710">
<hideElementsInCurrentOnly>false</hideElementsInCurrentOnly>
<bounds x="470" y="617" width="146" height="120"/>
</OView>
<OView class="oracle.dbtools.crest.swingui.logical.TVEntity" oid="61BDFA5F-A40C-04BD-87E2-FDA397D38AE1" otype="Entity" vid="7DCF05DA-62B1-0DEE-4098-EABDE035F80B">
<hideElementsInCurrentOnly>false</hideElementsInCurrentOnly>
<bounds x="194" y="11" width="170" height="93"/>
</OView>
<OView class="oracle.dbtools.crest.swingui.logical.TVEntity" oid="66FE8071-6EFF-1487-D724-0859DD7F6377" otype="Entity" vid="6C889F48-9E9E-B396-B241-ECAC8FC215D4">
<hideElementsInCurrentOnly>false</hideElementsInCurrentOnly>
<bounds x="858" y="32" width="120" height="69"/>
</OView>
<OView class="oracle.dbtools.crest.swingui.logical.TVEntity" oid="7513BBAD-7FA6-F329-254C-EDD973F078D2" otype="Entity" vid="76B0B86F-75C1-1BA9-8D2A-F5FEA8BC060E">
<hideElementsInCurrentOnly>false</hideElementsInCurrentOnly>
<bounds x="33" y="136" width="108" height="74"/>
</OView>
<OView class="oracle.dbtools.crest.swingui.logical.TVEntity" oid="849134E6-CEAE-AE98-2A04-47D8CA68BD2D" otype="Entity" vid="6C2772ED-AB05-12A8-D31D-1392FC6CBAAE">
<hideElementsInCurrentOnly>false</hideElementsInCurrentOnly>
<bounds x="685" y="168" width="170" height="96"/>
</OView>
<OView class="oracle.dbtools.crest.swingui.logical.TVEntity" oid="895A9339-CD9E-CA46-0180-D47C8FC25E5C" otype="Entity" vid="888CD496-D6AD-0A6B-2D58-E3BAA4C0D35E">
<hideElementsInCurrentOnly>false</hideElementsInCurrentOnly>
<bounds x="234" y="300" width="138" height="75"/>
</OView>
<OView class="oracle.dbtools.crest.swingui.logical.TVEntity" oid="8AB48624-4E67-0D89-D9A3-89D11C2D3FF1" otype="Entity" vid="C85A6A33-32D5-BD16-EF91-4AA010E3A43F">
<hideElementsInCurrentOnly>false</hideElementsInCurrentOnly>
<bounds x="1069" y="32" width="113" height="67"/>
</OView>
<OView class="oracle.dbtools.crest.swingui.logical.TVEntity" oid="AB02FCC6-0686-3C20-96A4-315969EEC23B" otype="Entity" vid="90FD7DB0-222F-3489-7B5B-296C2FB90F18">
<hideElementsInCurrentOnly>false</hideElementsInCurrentOnly>
<bounds x="464" y="35" width="145" height="310"/>
</OView>
<OView class="oracle.dbtools.crest.swingui.logical.TVEntity" oid="ABD08933-3562-3228-C63C-F933096DD1C9" otype="Entity" vid="8C7C5D94-7DCD-53A9-E85C-F15676B89E7E">
<hideElementsInCurrentOnly>false</hideElementsInCurrentOnly>
<bounds x="706" y="316" width="170" height="121"/>
</OView>
<OView class="oracle.dbtools.crest.swingui.logical.TVEntity" oid="B75B8EA7-2671-FCDA-E895-CFD54772A3AA" otype="Entity" vid="266BCE12-F794-FF6F-A397-4A2A5A007257">
<hideElementsInCurrentOnly>false</hideElementsInCurrentOnly>
<bounds x="678" y="32" width="121" height="60"/>
</OView>
<OView class="oracle.dbtools.crest.swingui.logical.TVEntity" oid="E3198599-7226-7E48-AF0F-5CF8392BDD26" otype="Entity" vid="5B80299F-065B-A3B7-876A-B9CC41601C05">
<hideElementsInCurrentOnly>false</hideElementsInCurrentOnly>
<bounds x="5" y="32" width="128" height="72"/>
</OView>
<OView class="oracle.dbtools.crest.swingui.logical.TVEntity" oid="E6226509-B4AC-C342-EAFC-CF87374CB242" otype="Entity" vid="1024E08F-F9F9-8F96-5010-E00D3914E47E">
<hideElementsInCurrentOnly>false</hideElementsInCurrentOnly>
<bounds x="727" y="607" width="170" height="153"/>
</OView>
<OView class="oracle.dbtools.crest.swingui.logical.TVEntity" oid="F58F1753-1191-0B4A-C0D9-0AF6C144B63A" otype="Entity" vid="FC63D0F7-39B1-962C-1149-9C4801823E96">
<hideElementsInCurrentOnly>false</hideElementsInCurrentOnly>
<bounds x="549" y="441" width="145" height="125"/>
</OView>
</objectViews>
<connectors>
<Connector class="oracle.dbtools.crest.swingui.logical.TVRelation" oid="32088178-5784-C1F5-CFE5-801FE69A74DC" otype="Relation" vid_source="F4FF5335-B7F0-65E9-4823-4514DCF7D081" vid_target="90FD7DB0-222F-3489-7B5B-296C2FB90F18">
<hideElementsInCurrentOnly>false</hideElementsInCurrentOnly>
<backgroundColor>-16777216</backgroundColor>
<lineWidth>1</lineWidth>
<points>
<point x="371" y="219"/>
<point x="464" y="219"/>
</points>
</Connector>
<Connector class="oracle.dbtools.crest.swingui.logical.TVRelation" oid="57648E90-7365-0E73-BA38-F19F8AA2568B" otype="Relation" vid_source="888CD496-D6AD-0A6B-2D58-E3BAA4C0D35E" vid_target="90FD7DB0-222F-3489-7B5B-296C2FB90F18">
<hideElementsInCurrentOnly>false</hideElementsInCurrentOnly>
<backgroundColor>-16777216</backgroundColor>
<lineWidth>1</lineWidth>
<points>
<point x="372" y="322"/>
<point x="464" y="322"/>
</points>
</Connector>
<Connector class="oracle.dbtools.crest.swingui.logical.TVRelation" oid="61A09E47-EC48-72A1-642E-724C4985B9BB" otype="Relation" vid_source="FC63D0F7-39B1-962C-1149-9C4801823E96" vid_target="CFA52726-69E7-ADA6-C503-0D87E3950710">
<hideElementsInCurrentOnly>false</hideElementsInCurrentOnly>
<backgroundColor>-16777216</backgroundColor>
<lineWidth>1</lineWidth>
<points>
<point x="582" y="566"/>
<point x="582" y="617"/>
</points>
</Connector>
<Connector class="oracle.dbtools.crest.swingui.logical.TVRelation" oid="71966D99-4837-2B54-30F3-C8052B502D72" otype="Relation" vid_source="520142B3-DDF8-6D97-D963-831C81AED9DF" vid_target="90FD7DB0-222F-3489-7B5B-296C2FB90F18">
<hideElementsInCurrentOnly>false</hideElementsInCurrentOnly>
<backgroundColor>-16777216</backgroundColor>
<lineWidth>1</lineWidth>
<points>
<point x="357" y="144"/>
<point x="464" y="144"/>
</points>
</Connector>
<Connector class="oracle.dbtools.crest.swingui.logical.TVRelation" oid="8347FA59-63E2-6458-6494-3A894DD46FB2" otype="Relation" vid_source="FC63D0F7-39B1-962C-1149-9C4801823E96" vid_target="90FD7DB0-222F-3489-7B5B-296C2FB90F18">
<hideElementsInCurrentOnly>false</hideElementsInCurrentOnly>
<backgroundColor>-16777216</backgroundColor>
<lineWidth>1</lineWidth>
<points>
<point x="579" y="441"/>
<point x="579" y="345"/>
</points>
</Connector>
<Connector class="oracle.dbtools.crest.swingui.logical.TVRelation" oid="91E74C52-EC95-1F05-6E7F-20251F35D0AD" otype="Relation" vid_source="6C2772ED-AB05-12A8-D31D-1392FC6CBAAE" vid_target="8C7C5D94-7DCD-53A9-E85C-F15676B89E7E">
<hideElementsInCurrentOnly>false</hideElementsInCurrentOnly>
<backgroundColor>-16777216</backgroundColor>
<lineWidth>1</lineWidth>
<points>
<point x="780" y="264"/>
<point x="780" y="316"/>
</points>
</Connector>
<Connector class="oracle.dbtools.crest.swingui.logical.TVRelation" oid="9801E110-2AE0-36BA-77C8-EFF88F7CF395" otype="Relation" vid_source="C85A6A33-32D5-BD16-EF91-4AA010E3A43F" vid_target="6C889F48-9E9E-B396-B241-ECAC8FC215D4">
<hideElementsInCurrentOnly>false</hideElementsInCurrentOnly>
<backgroundColor>-16777216</backgroundColor>
<lineWidth>1</lineWidth>
<points>
<point x="1069" y="65"/>
<point x="978" y="65"/>
</points>
</Connector>
<Connector class="oracle.dbtools.crest.swingui.logical.TVRelation" oid="B0021959-527A-37F8-5FA7-487CCBBC4C5D" otype="Relation" vid_source="DDF0F27D-0656-F50F-47E5-BF13ED9FDA11" vid_target="90FD7DB0-222F-3489-7B5B-296C2FB90F18">
<hideElementsInCurrentOnly>false</hideElementsInCurrentOnly>
<backgroundColor>-16777216</backgroundColor>
<lineWidth>1</lineWidth>
<points>
<point x="393" y="418"/>
<point x="464" y="305"/>
</points>
</Connector>
<Connector class="oracle.dbtools.crest.swingui.logical.TVRelation" oid="B04821D1-B6CC-C2C1-1C76-49C48D06A48B" otype="Relation" vid_source="6C889F48-9E9E-B396-B241-ECAC8FC215D4" vid_target="266BCE12-F794-FF6F-A397-4A2A5A007257">
<hideElementsInCurrentOnly>false</hideElementsInCurrentOnly>
<backgroundColor>-16777216</backgroundColor>
<lineWidth>1</lineWidth>
<points>
<point x="858" y="62"/>
<point x="799" y="62"/>
</points>
</Connector>
<Connector class="oracle.dbtools.crest.swingui.logical.TVRelation" oid="CD991407-C848-D783-9AF2-43013BA93D7B" otype="Relation" vid_source="5B80299F-065B-A3B7-876A-B9CC41601C05" vid_target="7DCF05DA-62B1-0DEE-4098-EABDE035F80B">
<hideElementsInCurrentOnly>false</hideElementsInCurrentOnly>
<backgroundColor>-16777216</backgroundColor>
<lineWidth>1</lineWidth>
<points>
<point x="133" y="68"/>
<point x="194" y="68"/>
</points>
</Connector>
<Connector class="oracle.dbtools.crest.swingui.logical.TVRelation" oid="D08D0C7C-DC07-D19D-2D2F-8C8447228074" otype="Relation" vid_source="266BCE12-F794-FF6F-A397-4A2A5A007257" vid_target="90FD7DB0-222F-3489-7B5B-296C2FB90F18">
<hideElementsInCurrentOnly>false</hideElementsInCurrentOnly>
<backgroundColor>-16777216</backgroundColor>
<lineWidth>1</lineWidth>
<points>
<point x="678" y="63"/>
<point x="609" y="63"/>
</points>
</Connector>
<Connector class="oracle.dbtools.crest.swingui.logical.TVRelation" oid="E34F67AA-8BB8-E9A9-E0C2-6924F0B8CDD8" otype="Relation" vid_source="266BCE12-F794-FF6F-A397-4A2A5A007257" vid_target="6C2772ED-AB05-12A8-D31D-1392FC6CBAAE">
<hideElementsInCurrentOnly>false</hideElementsInCurrentOnly>
<backgroundColor>-16777216</backgroundColor>
<lineWidth>1</lineWidth>
<points>
<point x="742" y="92"/>
<point x="742" y="168"/>
</points>
</Connector>
<Connector class="oracle.dbtools.crest.swingui.logical.TVRelation" oid="FE147BE2-D36E-26BE-1F3F-A4468AEEA149" otype="Relation" vid_source="7DCF05DA-62B1-0DEE-4098-EABDE035F80B" vid_target="90FD7DB0-222F-3489-7B5B-296C2FB90F18">
<hideElementsInCurrentOnly>false</hideElementsInCurrentOnly>
<backgroundColor>-16777216</backgroundColor>
<lineWidth>1</lineWidth>
<points>
<point x="364" y="69"/>
<point x="464" y="69"/>
</points>
</Connector>
</connectors>
</Diagram>