<?xml version = '1.0' encoding = 'UTF-8'?>
<Diagram class="oracle.dbtools.crest.swingui.logical.DPVLogical" name="Logical" id="EE6D2D37-6071-B9BD-EB1E-27A1E61489B4">
<createdBy>jose</createdBy>
<modifiedBy>jose</modifiedBy>
<createdTime>2019-06-04 00:14:30 UTC</createdTime>
<autoRoute>false</autoRoute>
<boxInbox>true</boxInbox>
<showLegend>false</showLegend>
<showLabels>false</showLabels>
<showRelAttributes>false</showRelAttributes>
<gridEnabled>false</gridEnabled>
<showGrid>false</showGrid>
<diagramColor>-1</diagramColor>
<display>false</display>
<notation>1</notation>
<objectViews>
<OView class="oracle.dbtools.crest.swingui.logical.TVEntity" oid="05EC0658-6D36-316A-8E15-CE9C12D5AD45" otype="Entity" vid="4D9FE523-2786-C401-31D9-6BEE1A3DBAE8">
<hideElementsInCurrentOnly>false</hideElementsInCurrentOnly>
<bounds x="266" y="158" width="141" height="107"/>
</OView>
<OView class="oracle.dbtools.crest.swingui.logical.TVEntity" oid="06AE4CE5-7E8E-21D8-43E2-9CDAF31A48BF" otype="Entity" vid="DC324054-DCC1-30D4-3E61-7E894F928538">
<hideElementsInCurrentOnly>false</hideElementsInCurrentOnly>
<bounds x="872" y="317" width="154" height="86"/>
</OView>
<OView class="oracle.dbtools.crest.swingui.logical.TVEntity" oid="24515E81-310A-0E64-7770-4EBC53756C9D" otype="Entity" vid="3DD8CFEB-5C64-124C-EA9B-82EEF87B04E8">
<hideElementsInCurrentOnly>false</hideElementsInCurrentOnly>
<bounds x="299" y="484" width="125" height="84"/>
</OView>
<OView class="oracle.dbtools.crest.swingui.logical.TVEntity" oid="30D233B5-BD6B-4C6E-8F33-62DF244DFA38" otype="Entity" vid="86AF520D-4ED1-B0B4-A946-C14CE74BBD15">
<hideElementsInCurrentOnly>false</hideElementsInCurrentOnly>
<bounds x="1088" y="703" width="162" height="83"/>
</OView>
<OView class="oracle.dbtools.crest.swingui.logical.TVEntity" oid="33CA46FB-4D5F-7B95-4E94-6A92C6DF6AF1" otype="Entity" vid="50CB9668-2839-BE46-D00A-CF6057382B46">
<hideElementsInCurrentOnly>false</hideElementsInCurrentOnly>
<bounds x="316" y="740" width="127" height="71"/>
</OView>
<OView class="oracle.dbtools.crest.swingui.logical.TVEntity" oid="3EECDD76-8ED7-6FAB-E6C5-965CC30ED1BF" otype="Entity" vid="B8B6D1F6-BE27-4640-D62A-6830F220F4A6">
<hideElementsInCurrentOnly>false</hideElementsInCurrentOnly>
<bounds x="877" y="434" width="157" height="81"/>
</OView>
<OView class="oracle.dbtools.crest.swingui.logical.TVEntity" oid="4CC39A79-C2D2-AA87-B890-9AE7F5C28F07" otype="Entity" vid="1F94FAA4-63ED-7FB3-BBAD-4106F93858FE">
<hideElementsInCurrentOnly>false</hideElementsInCurrentOnly>
<bounds x="450" y="210" width="88" height="115"/>
</OView>
<OView class="oracle.dbtools.crest.swingui.logical.TVEntity" oid="577046C7-C5B5-FA3B-507F-95ABB07E4E23" otype="Entity" vid="CD4E916E-ECBC-EA5B-65A4-B252F0F6E935">
<hideElementsInCurrentOnly>false</hideElementsInCurrentOnly>
<bounds x="23" y="479" width="201" height="88"/>
</OView>
<OView class="oracle.dbtools.crest.swingui.logical.TVEntity" oid="593FE002-707D-255A-C74B-260D6F626BA3" otype="Entity" vid="00330340-133C-DC9E-E989-BEC77E089980">
<hideElementsInCurrentOnly>false</hideElementsInCurrentOnly>
<bounds x="1112" y="534" width="143" height="88"/>
</OView>
<OView class="oracle.dbtools.crest.swingui.logical.TVEntity" oid="5A45A3CC-079D-8E8E-9540-B30A37592560" otype="Entity" vid="823BB2A6-8FDE-2469-F8C6-AE2AA98389BD">
<hideElementsInCurrentOnly>false</hideElementsInCurrentOnly>
<bounds x="1110" y="426" width="151" height="86"/>
</OView>
<OView class="oracle.dbtools.crest.swingui.logical.TVEntity" oid="5B16F797-97A6-1F4C-92B3-5F42EA7C595B" otype="Entity" vid="EF71AF99-7F7D-7640-C231-946745215773">
<hideElementsInCurrentOnly>false</hideElementsInCurrentOnly>
<bounds x="530" y="739" width="117" height="66"/>
</OView>
<OView class="oracle.dbtools.crest.swingui.logical.TVEntity" oid="766866B6-2009-7D3E-842D-21BE0CBEA838" otype="Entity" vid="E8FB3CE0-CF47-7EED-F0FB-A703FB9EF644">
<hideElementsInCurrentOnly>false</hideElementsInCurrentOnly>
<bounds x="881" y="691" width="158" height="85"/>
</OView>
<OView class="oracle.dbtools.crest.swingui.logical.TVEntity" oid="8E9B6DEE-57C2-504F-B4C6-071B2FA5E947" otype="Entity" vid="FC2945CB-1CE1-C501-BDAE-1BE9B02DA5AC">
<hideElementsInCurrentOnly>false</hideElementsInCurrentOnly>
<bounds x="155" y="352" width="194" height="66"/>
</OView>
<OView class="oracle.dbtools.crest.swingui.logical.TVEntity" oid="95E3E3F8-D32E-73A8-2ED8-486E53713F92" otype="Entity" vid="D23BF01F-36B0-CE1E-DBE1-678164518732">
<hideElementsInCurrentOnly>false</hideElementsInCurrentOnly>
<bounds x="14" y="26" width="161" height="163"/>
</OView>
<OView class="oracle.dbtools.crest.swingui.logical.TVEntity" oid="B699209D-0D8C-B6AF-48AA-34CE7FF213E2" otype="Entity" vid="A8303552-8E77-C3A0-8EE8-64D61527CDBC">
<hideElementsInCurrentOnly>false</hideElementsInCurrentOnly>
<bounds x="288" y="627" width="153" height="65"/>
</OView>
<OView class="oracle.dbtools.crest.swingui.logical.TVEntity" oid="D2582134-FDB0-FB3B-188D-D72D9B974C21" otype="Entity" vid="58E22B9E-A4A0-78E1-BB3E-6A452DD9BAC9">
<hideElementsInCurrentOnly>false</hideElementsInCurrentOnly>
<bounds x="525" y="366" width="277" height="254"/>
</OView>
<OView class="oracle.dbtools.crest.swingui.logical.TVEntity" oid="D381D020-1595-F644-8241-085D9A6341A9" otype="Entity" vid="A5062A3A-2890-A627-B811-FD220696CA31">
<hideElementsInCurrentOnly>false</hideElementsInCurrentOnly>
<bounds x="767" y="37" width="118" height="131"/>
</OView>
<OView class="oracle.dbtools.crest.swingui.logical.TVEntity" oid="D7D6C7EE-572E-4329-AB64-F4F534F06D2C" otype="Entity" vid="44A4B082-6CB8-12C5-DD67-8B2A4CA97821">
<hideElementsInCurrentOnly>false</hideElementsInCurrentOnly>
<bounds x="438" y="20" width="202" height="98"/>
</OView>
<OView class="oracle.dbtools.crest.swingui.logical.TVEntity" oid="D890831A-FE17-D0BB-2BBD-72A525B76BC0" otype="Entity" vid="D53F0F55-5356-8FE6-4E89-52B3FE41FB75">
<hideElementsInCurrentOnly>false</hideElementsInCurrentOnly>
<bounds x="1113" y="322" width="145" height="79"/>
</OView>
<OView class="oracle.dbtools.crest.swingui.logical.TVEntity" oid="E0F0EADC-439A-5A29-C55A-6494C7ED8B5B" otype="Entity" vid="E2193079-DBF6-D5B0-8F2B-3E904FE82923">
<hideElementsInCurrentOnly>false</hideElementsInCurrentOnly>
<bounds x="885" y="536" width="150" height="81"/>
</OView>
<OView class="oracle.dbtools.crest.swingui.logical.TVEntity" oid="E770532A-C72D-C20F-70D7-5C1C838BA4E5" otype="Entity" vid="EEC09260-D325-811D-50AF-D64E2522EB20">
<hideElementsInCurrentOnly>false</hideElementsInCurrentOnly>
<bounds x="578" y="213" width="106" height="109"/>
</OView>
<OView class="oracle.dbtools.crest.swingui.logical.TVEntity" oid="ED00C7F3-1B1B-445C-E4F7-1240CF7F5C95" otype="Entity" vid="3A69696D-F611-EEA4-8C1D-5A5184E1261C">
<hideElementsInCurrentOnly>false</hideElementsInCurrentOnly>
<bounds x="691" y="806" width="128" height="66"/>
</OView>
<OView class="oracle.dbtools.crest.swingui.logical.TVEntity" oid="FE96C46D-6461-C4C0-D070-AF304E2830B4" otype="Entity" vid="7CFF6C75-8AE3-3419-BCAA-6E954C0FD715">
<hideElementsInCurrentOnly>false</hideElementsInCurrentOnly>
<bounds x="696" y="678" width="108" height="65"/>
</OView>
</objectViews>
<connectors>
<Connector class="oracle.dbtools.crest.swingui.logical.TVRelation" oid="0A539839-A583-A7D4-8F75-CFB361E90967" otype="Relation" vid_source="A5062A3A-2890-A627-B811-FD220696CA31" vid_target="58E22B9E-A4A0-78E1-BB3E-6A452DD9BAC9">
<hideElementsInCurrentOnly>false</hideElementsInCurrentOnly>
<backgroundColor>-16777216</backgroundColor>
<lineWidth>1</lineWidth>
<points>
<point x="784" y="168"/>
<point x="784" y="366"/>
</points>
</Connector>
<Connector class="oracle.dbtools.crest.swingui.logical.TVRelation" oid="10CD345E-C92D-F679-2F9F-58556B0B8609" otype="Relation" vid_source="3DD8CFEB-5C64-124C-EA9B-82EEF87B04E8" vid_target="FC2945CB-1CE1-C501-BDAE-1BE9B02DA5AC">
<hideElementsInCurrentOnly>false</hideElementsInCurrentOnly>
<backgroundColor>-16777216</backgroundColor>
<lineWidth>1</lineWidth>
<points>
<point x="324" y="484"/>
<point x="324" y="418"/>
</points>
</Connector>
<Connector class="oracle.dbtools.crest.swingui.logical.TVRelation" oid="195168C0-3D4D-0BD7-D71C-5C60CD1014D2" otype="Relation" vid_source="EEC09260-D325-811D-50AF-D64E2522EB20" vid_target="44A4B082-6CB8-12C5-DD67-8B2A4CA97821">
<hideElementsInCurrentOnly>false</hideElementsInCurrentOnly>
<backgroundColor>-16777216</backgroundColor>
<lineWidth>1</lineWidth>
<points>
<point x="609" y="213"/>
<point x="609" y="118"/>
</points>
</Connector>
<Connector class="oracle.dbtools.crest.swingui.logical.TVRelation" oid="2F31E3A0-B167-6DFD-7572-DA17BAF9E9F6" otype="Relation" vid_source="86AF520D-4ED1-B0B4-A946-C14CE74BBD15" vid_target="00330340-133C-DC9E-E989-BEC77E089980">
<hideElementsInCurrentOnly>false</hideElementsInCurrentOnly>
<backgroundColor>-16777216</backgroundColor>
<lineWidth>1</lineWidth>
<points>
<point x="1181" y="703"/>
<point x="1181" y="622"/>
</points>
</Connector>
<Connector class="oracle.dbtools.crest.swingui.logical.TVRelation" oid="314027AA-90CC-35A5-64B5-46084A400FB1" otype="Relation" vid_source="A5062A3A-2890-A627-B811-FD220696CA31" vid_target="44A4B082-6CB8-12C5-DD67-8B2A4CA97821">
<hideElementsInCurrentOnly>false</hideElementsInCurrentOnly>
<backgroundColor>-16777216</backgroundColor>
<lineWidth>1</lineWidth>
<points>
<point x="767" y="77"/>
<point x="640" y="77"/>
</points>
</Connector>
<Connector class="oracle.dbtools.crest.swingui.logical.TVRelation" oid="38B9708F-4524-C2C2-9565-20E7BAFA2C40" otype="Relation" vid_source="EF71AF99-7F7D-7640-C231-946745215773" vid_target="58E22B9E-A4A0-78E1-BB3E-6A452DD9BAC9">
<hideElementsInCurrentOnly>false</hideElementsInCurrentOnly>
<backgroundColor>-16777216</backgroundColor>
<lineWidth>1</lineWidth>
<points>
<point x="588" y="739"/>
<point x="588" y="620"/>
</points>
</Connector>
<Connector class="oracle.dbtools.crest.swingui.logical.TVRelation" oid="49C476D6-1025-A802-E0BB-06CA9069E259" otype="Relation" vid_source="D23BF01F-36B0-CE1E-DBE1-678164518732" vid_target="4D9FE523-2786-C401-31D9-6BEE1A3DBAE8">
<hideElementsInCurrentOnly>false</hideElementsInCurrentOnly>
<backgroundColor>-16777216</backgroundColor>
<lineWidth>1</lineWidth>
<points>
<point x="175" y="173"/>
<point x="266" y="173"/>
</points>
</Connector>
<Connector class="oracle.dbtools.crest.swingui.logical.TVRelation" oid="4AC9718A-2A9F-8FB2-BAA0-B53C9387B9A6" otype="Relation" vid_source="00330340-133C-DC9E-E989-BEC77E089980" vid_target="E2193079-DBF6-D5B0-8F2B-3E904FE82923">
<hideElementsInCurrentOnly>false</hideElementsInCurrentOnly>
<backgroundColor>-16777216</backgroundColor>
<lineWidth>1</lineWidth>
<points>
<point x="1112" y="576"/>
<point x="1035" y="576"/>
</points>
</Connector>
<Connector class="oracle.dbtools.crest.swingui.logical.TVRelation" oid="55D95963-3EE1-740E-5058-784E11E06348" otype="Relation" vid_source="7CFF6C75-8AE3-3419-BCAA-6E954C0FD715" vid_target="58E22B9E-A4A0-78E1-BB3E-6A452DD9BAC9">
<hideElementsInCurrentOnly>false</hideElementsInCurrentOnly>
<backgroundColor>-16777216</backgroundColor>
<lineWidth>1</lineWidth>
<points>
<point x="749" y="678"/>
<point x="749" y="620"/>
</points>
</Connector>
<Connector class="oracle.dbtools.crest.swingui.logical.TVRelation" oid="5F751A37-06E0-59FF-EFB0-B8114245B5FD" otype="Relation" vid_source="D23BF01F-36B0-CE1E-DBE1-678164518732" vid_target="44A4B082-6CB8-12C5-DD67-8B2A4CA97821">
<hideElementsInCurrentOnly>false</hideElementsInCurrentOnly>
<backgroundColor>-16777216</backgroundColor>
<lineWidth>1</lineWidth>
<points>
<point x="175" y="72"/>
<point x="438" y="72"/>
</points>
</Connector>
<Connector class="oracle.dbtools.crest.swingui.logical.TVRelation" oid="64324188-7A4E-5EE5-4B63-25CD2FBA847F" otype="Relation" vid_source="58E22B9E-A4A0-78E1-BB3E-6A452DD9BAC9" vid_target="E2193079-DBF6-D5B0-8F2B-3E904FE82923">
<hideElementsInCurrentOnly>false</hideElementsInCurrentOnly>
<backgroundColor>-16777216</backgroundColor>
<lineWidth>1</lineWidth>
<points>
<point x="802" y="576"/>
<point x="885" y="576"/>
</points>
</Connector>
<Connector class="oracle.dbtools.crest.swingui.logical.TVRelation" oid="7BE47BAF-D7BB-973D-5D17-D3E627C33790" otype="Relation" vid_source="3A69696D-F611-EEA4-8C1D-5A5184E1261C" vid_target="7CFF6C75-8AE3-3419-BCAA-6E954C0FD715">
<hideElementsInCurrentOnly>false</hideElementsInCurrentOnly>
<backgroundColor>-16777216</backgroundColor>
<lineWidth>1</lineWidth>
<points>
<point x="750" y="806"/>
<point x="750" y="743"/>
</points>
</Connector>
<Connector class="oracle.dbtools.crest.swingui.logical.TVRelation" oid="87E30D47-3365-AFD1-B399-73F50E34ACCD" otype="Relation" vid_source="50CB9668-2839-BE46-D00A-CF6057382B46" vid_target="EF71AF99-7F7D-7640-C231-946745215773">
<hideElementsInCurrentOnly>false</hideElementsInCurrentOnly>
<backgroundColor>-16777216</backgroundColor>
<lineWidth>1</lineWidth>
<points>
<point x="443" y="772"/>
<point x="530" y="772"/>
</points>
</Connector>
<Connector class="oracle.dbtools.crest.swingui.logical.TVRelation" oid="99C5DA64-F2B0-F8FE-C84D-A141AB5F12F2" otype="Relation" vid_source="D23BF01F-36B0-CE1E-DBE1-678164518732" vid_target="CD4E916E-ECBC-EA5B-65A4-B252F0F6E935">
<hideElementsInCurrentOnly>false</hideElementsInCurrentOnly>
<backgroundColor>-16777216</backgroundColor>
<lineWidth>1</lineWidth>
<points>
<point x="99" y="189"/>
<point x="99" y="479"/>
</points>
</Connector>
<Connector class="oracle.dbtools.crest.swingui.logical.TVRelation" oid="A084FFDE-E4DD-737B-BEF6-6F9A3ACEB578" otype="Relation" vid_source="FC2945CB-1CE1-C501-BDAE-1BE9B02DA5AC" vid_target="58E22B9E-A4A0-78E1-BB3E-6A452DD9BAC9">
<hideElementsInCurrentOnly>false</hideElementsInCurrentOnly>
<backgroundColor>-16777216</backgroundColor>
<lineWidth>1</lineWidth>
<points>
<point x="349" y="392"/>
<point x="525" y="392"/>
</points>
</Connector>
<Connector class="oracle.dbtools.crest.swingui.logical.TVRelation" oid="A0C98746-895D-60C6-6C59-D376CE1A45C5" otype="Relation" vid_source="A8303552-8E77-C3A0-8EE8-64D61527CDBC" vid_target="3DD8CFEB-5C64-124C-EA9B-82EEF87B04E8">
<hideElementsInCurrentOnly>false</hideElementsInCurrentOnly>
<backgroundColor>-16777216</backgroundColor>
<lineWidth>1</lineWidth>
<points>
<point x="361" y="627"/>
<point x="361" y="568"/>
</points>
</Connector>
<Connector class="oracle.dbtools.crest.swingui.logical.TVRelation" oid="A78FBFBB-F849-5232-47EC-A691C58CF56B" otype="Relation" vid_source="823BB2A6-8FDE-2469-F8C6-AE2AA98389BD" vid_target="B8B6D1F6-BE27-4640-D62A-6830F220F4A6">
<hideElementsInCurrentOnly>false</hideElementsInCurrentOnly>
<backgroundColor>-16777216</backgroundColor>
<lineWidth>1</lineWidth>
<points>
<point x="1110" y="473"/>
<point x="1034" y="473"/>
</points>
</Connector>
<Connector class="oracle.dbtools.crest.swingui.logical.TVRelation" oid="AFAE3CD8-C191-1FCF-90A5-19AB9EA5EA92" otype="Relation" vid_source="D53F0F55-5356-8FE6-4E89-52B3FE41FB75" vid_target="DC324054-DCC1-30D4-3E61-7E894F928538">
<hideElementsInCurrentOnly>false</hideElementsInCurrentOnly>
<backgroundColor>-16777216</backgroundColor>
<lineWidth>1</lineWidth>
<points>
<point x="1113" y="361"/>
<point x="1026" y="361"/>
</points>
</Connector>
<Connector class="oracle.dbtools.crest.swingui.logical.TVRelation" oid="B0EDA57A-8A89-4CE8-EAAA-78A5F5EB68BF" otype="Relation" vid_source="1F94FAA4-63ED-7FB3-BBAD-4106F93858FE" vid_target="44A4B082-6CB8-12C5-DD67-8B2A4CA97821">
<hideElementsInCurrentOnly>false</hideElementsInCurrentOnly>
<backgroundColor>-16777216</backgroundColor>
<lineWidth>1</lineWidth>
<points>
<point x="494" y="210"/>
<point x="494" y="118"/>
</points>
</Connector>
<Connector class="oracle.dbtools.crest.swingui.logical.TVRelation" oid="B5739B7D-D06F-F764-4E34-4AF25C253BDB" otype="Relation" vid_source="58E22B9E-A4A0-78E1-BB3E-6A452DD9BAC9" vid_target="B8B6D1F6-BE27-4640-D62A-6830F220F4A6">
<hideElementsInCurrentOnly>false</hideElementsInCurrentOnly>
<backgroundColor>-16777216</backgroundColor>
<lineWidth>1</lineWidth>
<points>
<point x="802" y="474"/>
<point x="877" y="474"/>
</points>
</Connector>
<Connector class="oracle.dbtools.crest.swingui.logical.TVRelation" oid="D09BA76E-92D3-4990-1E1C-D854C3D4EC40" otype="Relation" vid_source="FC2945CB-1CE1-C501-BDAE-1BE9B02DA5AC" vid_target="CD4E916E-ECBC-EA5B-65A4-B252F0F6E935">
<hideElementsInCurrentOnly>false</hideElementsInCurrentOnly>
<backgroundColor>-16777216</backgroundColor>
<lineWidth>1</lineWidth>
<points>
<point x="189" y="418"/>
<point x="189" y="479"/>
</points>
</Connector>
<Connector class="oracle.dbtools.crest.swingui.logical.TVRelation" oid="DA4A36B0-B764-C3A8-B00D-F767886843C8" otype="Relation" vid_source="FC2945CB-1CE1-C501-BDAE-1BE9B02DA5AC" vid_target="4D9FE523-2786-C401-31D9-6BEE1A3DBAE8">
<hideElementsInCurrentOnly>false</hideElementsInCurrentOnly>
<backgroundColor>-16777216</backgroundColor>
<lineWidth>1</lineWidth>
<points>
<point x="307" y="352"/>
<point x="307" y="265"/>
</points>
</Connector>
<Connector class="oracle.dbtools.crest.swingui.logical.TVRelation" oid="EE8A31D4-7CBB-4D54-C400-7166330EFCBB" otype="Relation" vid_source="58E22B9E-A4A0-78E1-BB3E-6A452DD9BAC9" vid_target="DC324054-DCC1-30D4-3E61-7E894F928538">
<hideElementsInCurrentOnly>false</hideElementsInCurrentOnly>
<backgroundColor>-16777216</backgroundColor>
<lineWidth>1</lineWidth>
<points>
<point x="802" y="384"/>
<point x="872" y="384"/>
</points>
</Connector>
</connectors>
</Diagram>