<?xml version = '1.0' encoding = 'UTF-8'?>
<Diagram class="oracle.dbtools.crest.swingui.relational.DPVRelational" name="Relational_1" id="CA1D8CBD-95DE-F10A-2519-092A02A309A4">
<createdBy>jose</createdBy>
<modifiedBy>jose</modifiedBy>
<createdTime>2019-07-07 18:20:08 UTC</createdTime>
<autoRoute>false</autoRoute>
<boxInbox>true</boxInbox>
<showLegend>false</showLegend>
<showLabels>false</showLabels>
<showRelAttributes>false</showRelAttributes>
<gridEnabled>false</gridEnabled>
<showGrid>false</showGrid>
<diagramColor>-1</diagramColor>
<display>false</display>
<notation>1</notation>
<objectViews>
<OView class="oracle.dbtools.crest.swingui.relational.TVTable" oid="0E310779-BC26-7966-5E5B-8CDAE7BD5CE8" otype="Table" vid="69CE2CC7-662B-D8A0-CA0D-FF6365FECBF9">
<hideElementsInCurrentOnly>false</hideElementsInCurrentOnly>
<bounds x="1113" y="322" width="145" height="79"/>
</OView>
<OView class="oracle.dbtools.crest.swingui.relational.TVTable" oid="158C6808-DAC4-E7E5-D215-6B5C25B6319D" otype="Table" vid="168E5EE8-AFBA-9CF1-A3FB-ED07E21E3949">
<hideElementsInCurrentOnly>false</hideElementsInCurrentOnly>
<bounds x="438" y="20" width="202" height="98"/>
</OView>
<OView class="oracle.dbtools.crest.swingui.relational.TVTable" oid="192E50AF-FDB8-FA4A-E4FA-4DB478AEE760" otype="Table" vid="1576A535-7C56-FB5D-B159-335A6BD65314">
<hideElementsInCurrentOnly>false</hideElementsInCurrentOnly>
<bounds x="872" y="317" width="154" height="86"/>
</OView>
<OView class="oracle.dbtools.crest.swingui.relational.TVTable" oid="24E03342-DF28-0E2E-62E8-1F95E4FF7E1D" otype="Table" vid="1296B4E4-97F8-2FC2-9205-85CF15AA4F36">
<hideElementsInCurrentOnly>false</hideElementsInCurrentOnly>
<bounds x="525" y="366" width="277" height="344"/>
</OView>
<OView class="oracle.dbtools.crest.swingui.relational.TVTable" oid="2D9050D3-DBB3-82D2-F286-0ED913D57D00" otype="Table" vid="99FA9825-0EBF-5B59-B6C4-196166E5F3CD">
<hideElementsInCurrentOnly>false</hideElementsInCurrentOnly>
<bounds x="155" y="352" width="194" height="66"/>
</OView>
<OView class="oracle.dbtools.crest.swingui.relational.TVTable" oid="34857499-98DA-CFE3-B10B-153446225C39" otype="Table" vid="466E97FD-66EB-E97F-CB5B-EF2ABBD9A654">
<hideElementsInCurrentOnly>false</hideElementsInCurrentOnly>
<bounds x="288" y="627" width="153" height="65"/>
</OView>
<OView class="oracle.dbtools.crest.swingui.relational.TVTable" oid="3F3E761F-EFEF-F916-C284-73E81B6956F7" otype="Table" vid="C82A799A-BDA6-4E91-9DBB-6358B0FDEDB8">
<hideElementsInCurrentOnly>false</hideElementsInCurrentOnly>
<bounds x="877" y="434" width="157" height="81"/>
</OView>
<OView class="oracle.dbtools.crest.swingui.relational.TVTable" oid="52C0868E-85E2-15F9-7152-AD29BB7C0BA9" otype="Table" vid="DAA2294C-377E-45E1-C244-F6D733A422C9">
<hideElementsInCurrentOnly>false</hideElementsInCurrentOnly>
<bounds x="450" y="210" width="88" height="115"/>
</OView>
<OView class="oracle.dbtools.crest.swingui.relational.TVTable" oid="56771017-B074-5F79-EAB9-122D31C451DE" otype="Table" vid="5B160EF0-6FBE-BF4A-230C-8C986CE66405">
<hideElementsInCurrentOnly>false</hideElementsInCurrentOnly>
<bounds x="1110" y="426" width="151" height="86"/>
</OView>
<OView class="oracle.dbtools.crest.swingui.relational.TVTable" oid="81A3120B-1E0E-B5CD-97AA-C06D3A462E27" otype="Table" vid="8B62563B-3643-6C39-CD78-90C8A2968EBF">
<hideElementsInCurrentOnly>false</hideElementsInCurrentOnly>
<bounds x="578" y="213" width="106" height="109"/>
</OView>
<OView class="oracle.dbtools.crest.swingui.relational.TVTable" oid="87CD7BA3-BD8F-1F3B-3D1B-AC34AD6FFEFE" otype="Table" vid="0CE1199C-0323-F349-70E3-C92A75E2926A">
<hideElementsInCurrentOnly>false</hideElementsInCurrentOnly>
<bounds x="767" y="37" width="118" height="131"/>
</OView>
<OView class="oracle.dbtools.crest.swingui.relational.TVTable" oid="ADBA3F08-16C9-D9FA-9AEA-DDF543B12D11" otype="Table" vid="56FC57B3-3FA2-C09F-FFC4-4883E0E8CDDE">
<hideElementsInCurrentOnly>false</hideElementsInCurrentOnly>
<bounds x="266" y="158" width="128" height="199"/>
</OView>
<OView class="oracle.dbtools.crest.swingui.relational.TVTable" oid="B2666732-64A4-A8C6-E5AD-0BB155AF5E47" otype="Table" vid="FE995C8E-7306-8069-E775-0474365BE8A0">
<hideElementsInCurrentOnly>false</hideElementsInCurrentOnly>
<bounds x="881" y="691" width="158" height="85"/>
</OView>
<OView class="oracle.dbtools.crest.swingui.relational.TVTable" oid="B56D5AC0-2D3A-9245-B5E5-A3F781315B5F" otype="Table" vid="7E29C1F9-6383-40A9-ED35-8504E3134E24">
<hideElementsInCurrentOnly>false</hideElementsInCurrentOnly>
<bounds x="696" y="678" width="108" height="65"/>
</OView>
<OView class="oracle.dbtools.crest.swingui.relational.TVTable" oid="BE996A54-3172-6FB4-47E3-86DC544F2B40" otype="Table" vid="4B608506-0F6A-8E4B-ADBC-ABB3DA2A731B">
<hideElementsInCurrentOnly>false</hideElementsInCurrentOnly>
<bounds x="23" y="479" width="201" height="88"/>
</OView>
<OView class="oracle.dbtools.crest.swingui.relational.TVTable" oid="CFEF9CEB-2F64-CEFB-A058-D598148625BF" otype="Table" vid="7470219F-1069-CD06-7C38-51D655F86D56">
<hideElementsInCurrentOnly>false</hideElementsInCurrentOnly>
<bounds x="299" y="484" width="125" height="84"/>
</OView>
<OView class="oracle.dbtools.crest.swingui.relational.TVTable" oid="D88E50AB-854E-E51E-0705-B651DFA5DF9D" otype="Table" vid="503ACECF-D1E2-70B1-A6B9-630392B35E9B">
<hideElementsInCurrentOnly>false</hideElementsInCurrentOnly>
<bounds x="1112" y="534" width="143" height="164"/>
</OView>
<OView class="oracle.dbtools.crest.swingui.relational.TVTable" oid="DF610D40-40A9-D48E-6496-DCA2666AACD5" otype="Table" vid="450FA285-389B-F3D3-F35D-5C45B0A28E49">
<hideElementsInCurrentOnly>false</hideElementsInCurrentOnly>
<bounds x="885" y="536" width="150" height="145"/>
</OView>
<OView class="oracle.dbtools.crest.swingui.relational.TVTable" oid="F1FB5F89-F056-F882-20F1-6108C163658C" otype="Table" vid="86BE2422-BD88-5C7A-0B4C-BA9B491865FD">
<hideElementsInCurrentOnly>false</hideElementsInCurrentOnly>
<bounds x="530" y="739" width="117" height="66"/>
</OView>
<OView class="oracle.dbtools.crest.swingui.relational.TVTable" oid="F48D6C93-8890-B9E4-9BD3-027AFF65B85C" otype="Table" vid="59860B06-CB56-25DF-EA5E-15EFD491243F">
<hideElementsInCurrentOnly>false</hideElementsInCurrentOnly>
<bounds x="691" y="806" width="128" height="66"/>
</OView>
<OView class="oracle.dbtools.crest.swingui.relational.TVTable" oid="F63BB379-479B-5BCD-400B-9F31E90A5BEC" otype="Table" vid="1DE2D221-815C-FE74-52F0-24DA834FE8A0">
<hideElementsInCurrentOnly>false</hideElementsInCurrentOnly>
<bounds x="316" y="740" width="127" height="71"/>
</OView>
<OView class="oracle.dbtools.crest.swingui.relational.TVTable" oid="F9F5F7E8-99EB-B1FE-B1C2-A14670344442" otype="Table" vid="B2B55658-4B62-5770-4087-853872832317">
<hideElementsInCurrentOnly>false</hideElementsInCurrentOnly>
<bounds x="14" y="26" width="161" height="163"/>
</OView>
<OView class="oracle.dbtools.crest.swingui.relational.TVTable" oid="FA5F78CD-CAE1-91F3-D6FF-8471763CD213" otype="Table" vid="E6D789B7-9027-7540-39C9-05992D15EF2B">
<hideElementsInCurrentOnly>false</hideElementsInCurrentOnly>
<bounds x="1088" y="703" width="162" height="111"/>
</OView>
</objectViews>
<connectors>
<Connector class="oracle.dbtools.crest.swingui.relational.TVFKRelation" oid="09E6EBF6-A26E-BA87-08E3-D345FBFDA83A" otype="FKIndexAssociation" vid_source="59860B06-CB56-25DF-EA5E-15EFD491243F" vid_target="7E29C1F9-6383-40A9-ED35-8504E3134E24">
<hideElementsInCurrentOnly>false</hideElementsInCurrentOnly>
<backgroundColor>-16777216</backgroundColor>
<lineWidth>1</lineWidth>
<points>
<point x="750" y="806"/>
<point x="750" y="743"/>
</points>
</Connector>
<Connector class="oracle.dbtools.crest.swingui.relational.TVFKRelation" oid="0DA59525-6690-24E2-A1E6-C7C41847EDA0" otype="FKIndexAssociation" vid_source="7E29C1F9-6383-40A9-ED35-8504E3134E24" vid_target="1296B4E4-97F8-2FC2-9205-85CF15AA4F36">
<hideElementsInCurrentOnly>false</hideElementsInCurrentOnly>
<backgroundColor>-16777216</backgroundColor>
<lineWidth>1</lineWidth>
<points>
<point x="696" y="694"/>
<point x="802" y="694"/>
</points>
</Connector>
<Connector class="oracle.dbtools.crest.swingui.relational.TVFKRelation" oid="1461CF30-90A2-CA79-2E70-4EE2ED6BCC15" otype="FKIndexAssociation" vid_source="1DE2D221-815C-FE74-52F0-24DA834FE8A0" vid_target="86BE2422-BD88-5C7A-0B4C-BA9B491865FD">
<hideElementsInCurrentOnly>false</hideElementsInCurrentOnly>
<backgroundColor>-16777216</backgroundColor>
<lineWidth>1</lineWidth>
<points>
<point x="443" y="772"/>
<point x="530" y="772"/>
</points>
</Connector>
<Connector class="oracle.dbtools.crest.swingui.relational.TVFKRelation" oid="2539EAC7-DF12-6D51-ECBF-0BD17C66A958" otype="FKIndexAssociation" vid_source="8B62563B-3643-6C39-CD78-90C8A2968EBF" vid_target="168E5EE8-AFBA-9CF1-A3FB-ED07E21E3949">
<hideElementsInCurrentOnly>false</hideElementsInCurrentOnly>
<backgroundColor>-16777216</backgroundColor>
<lineWidth>1</lineWidth>
<points>
<point x="609" y="213"/>
<point x="609" y="118"/>
</points>
</Connector>
<Connector class="oracle.dbtools.crest.swingui.relational.TVFKRelation" oid="2622C8CF-DFB1-AB97-CEF5-88ADA330490A" otype="FKIndexAssociation" vid_source="7470219F-1069-CD06-7C38-51D655F86D56" vid_target="99FA9825-0EBF-5B59-B6C4-196166E5F3CD">
<hideElementsInCurrentOnly>false</hideElementsInCurrentOnly>
<backgroundColor>-16777216</backgroundColor>
<lineWidth>1</lineWidth>
<points>
<point x="324" y="484"/>
<point x="324" y="418"/>
</points>
</Connector>
<Connector class="oracle.dbtools.crest.swingui.relational.TVFKRelation" oid="2FABB864-A49D-DC51-7BC7-224250845BA5" otype="FKIndexAssociation" vid_source="86BE2422-BD88-5C7A-0B4C-BA9B491865FD" vid_target="1296B4E4-97F8-2FC2-9205-85CF15AA4F36">
<hideElementsInCurrentOnly>false</hideElementsInCurrentOnly>
<backgroundColor>-16777216</backgroundColor>
<lineWidth>1</lineWidth>
<points>
<point x="603" y="739"/>
<point x="603" y="710"/>
</points>
</Connector>
<Connector class="oracle.dbtools.crest.swingui.relational.TVFKRelation" oid="3715DAFC-08B6-05A8-A827-44AABA9024E6" otype="FKIndexAssociation" vid_source="0CE1199C-0323-F349-70E3-C92A75E2926A" vid_target="1296B4E4-97F8-2FC2-9205-85CF15AA4F36">
<hideElementsInCurrentOnly>false</hideElementsInCurrentOnly>
<backgroundColor>-16777216</backgroundColor>
<lineWidth>1</lineWidth>
<points>
<point x="799" y="168"/>
<point x="799" y="366"/>
</points>
</Connector>
<Connector class="oracle.dbtools.crest.swingui.relational.TVFKRelation" oid="3AF2E55A-18BF-B71F-A19D-D6822C0FBA7C" otype="FKIndexAssociation" vid_source="B2B55658-4B62-5770-4087-853872832317" vid_target="168E5EE8-AFBA-9CF1-A3FB-ED07E21E3949">
<hideElementsInCurrentOnly>false</hideElementsInCurrentOnly>
<backgroundColor>-16777216</backgroundColor>
<lineWidth>1</lineWidth>
<points>
<point x="175" y="72"/>
<point x="438" y="72"/>
</points>
</Connector>
<Connector class="oracle.dbtools.crest.swingui.relational.TVFKRelation" oid="3D5E3C06-AE45-3AA5-E4E1-14C3523E4913" otype="FKIndexAssociation" vid_source="503ACECF-D1E2-70B1-A6B9-630392B35E9B" vid_target="450FA285-389B-F3D3-F35D-5C45B0A28E49">
<hideElementsInCurrentOnly>false</hideElementsInCurrentOnly>
<backgroundColor>-16777216</backgroundColor>
<lineWidth>1</lineWidth>
<points>
<point x="1112" y="608"/>
<point x="1035" y="608"/>
</points>
</Connector>
<Connector class="oracle.dbtools.crest.swingui.relational.TVFKRelation" oid="438CB423-C43E-A375-B82E-2907348A92B3" otype="FKIndexAssociation" vid_source="99FA9825-0EBF-5B59-B6C4-196166E5F3CD" vid_target="56FC57B3-3FA2-C09F-FFC4-4883E0E8CDDE">
<hideElementsInCurrentOnly>false</hideElementsInCurrentOnly>
<backgroundColor>-16777216</backgroundColor>
<lineWidth>1</lineWidth>
<points>
<point x="349" y="354"/>
<point x="266" y="354"/>
</points>
</Connector>
<Connector class="oracle.dbtools.crest.swingui.relational.TVFKRelation" oid="67BA0760-AD2B-906A-67C1-338B1E1FF49C" otype="FKIndexAssociation" vid_source="99FA9825-0EBF-5B59-B6C4-196166E5F3CD" vid_target="1296B4E4-97F8-2FC2-9205-85CF15AA4F36">
<hideElementsInCurrentOnly>false</hideElementsInCurrentOnly>
<backgroundColor>-16777216</backgroundColor>
<lineWidth>1</lineWidth>
<points>
<point x="349" y="407"/>
<point x="525" y="407"/>
</points>
</Connector>
<Connector class="oracle.dbtools.crest.swingui.relational.TVFKRelation" oid="818895D9-DD46-FF4D-58DF-899735D8BDB8" otype="FKIndexAssociation" vid_source="B2B55658-4B62-5770-4087-853872832317" vid_target="56FC57B3-3FA2-C09F-FFC4-4883E0E8CDDE">
<hideElementsInCurrentOnly>false</hideElementsInCurrentOnly>
<backgroundColor>-16777216</backgroundColor>
<lineWidth>1</lineWidth>
<points>
<point x="175" y="188"/>
<point x="266" y="188"/>
</points>
</Connector>
<Connector class="oracle.dbtools.crest.swingui.relational.TVFKRelation" oid="8719D1BF-250D-5123-D24B-53B2775B403C" otype="FKIndexAssociation" vid_source="DAA2294C-377E-45E1-C244-F6D733A422C9" vid_target="168E5EE8-AFBA-9CF1-A3FB-ED07E21E3949">
<hideElementsInCurrentOnly>false</hideElementsInCurrentOnly>
<backgroundColor>-16777216</backgroundColor>
<lineWidth>1</lineWidth>
<points>
<point x="494" y="210"/>
<point x="494" y="118"/>
</points>
</Connector>
<Connector class="oracle.dbtools.crest.swingui.relational.TVFKRelation" oid="90BE3103-8EB2-EDFF-21B7-175521E0D5B6" otype="FKIndexAssociation" vid_source="1296B4E4-97F8-2FC2-9205-85CF15AA4F36" vid_target="C82A799A-BDA6-4E91-9DBB-6358B0FDEDB8">
<hideElementsInCurrentOnly>false</hideElementsInCurrentOnly>
<backgroundColor>-16777216</backgroundColor>
<lineWidth>1</lineWidth>
<points>
<point x="802" y="489"/>
<point x="877" y="489"/>
</points>
</Connector>
<Connector class="oracle.dbtools.crest.swingui.relational.TVFKRelation" oid="9BDED15D-2E65-6AA2-BF19-7B9813413EE7" otype="FKIndexAssociation" vid_source="99FA9825-0EBF-5B59-B6C4-196166E5F3CD" vid_target="4B608506-0F6A-8E4B-ADBC-ABB3DA2A731B">
<hideElementsInCurrentOnly>false</hideElementsInCurrentOnly>
<backgroundColor>-16777216</backgroundColor>
<lineWidth>1</lineWidth>
<points>
<point x="189" y="418"/>
<point x="189" y="479"/>
</points>
</Connector>
<Connector class="oracle.dbtools.crest.swingui.relational.TVFKRelation" oid="A0027BEB-70E4-769A-B299-1A5E6CB260AA" otype="FKIndexAssociation" vid_source="69CE2CC7-662B-D8A0-CA0D-FF6365FECBF9" vid_target="1576A535-7C56-FB5D-B159-335A6BD65314">
<hideElementsInCurrentOnly>false</hideElementsInCurrentOnly>
<backgroundColor>-16777216</backgroundColor>
<lineWidth>1</lineWidth>
<points>
<point x="1113" y="361"/>
<point x="1026" y="361"/>
</points>
</Connector>
<Connector class="oracle.dbtools.crest.swingui.relational.TVFKRelation" oid="ABD3EFEA-8D3A-E5F6-A2BA-665C7C73E92D" otype="FKIndexAssociation" vid_source="1296B4E4-97F8-2FC2-9205-85CF15AA4F36" vid_target="450FA285-389B-F3D3-F35D-5C45B0A28E49">
<hideElementsInCurrentOnly>false</hideElementsInCurrentOnly>
<backgroundColor>-16777216</backgroundColor>
<lineWidth>1</lineWidth>
<points>
<point x="802" y="608"/>
<point x="885" y="608"/>
</points>
</Connector>
<Connector class="oracle.dbtools.crest.swingui.relational.TVFKRelation" oid="CF0CB76B-A46B-399B-E1C8-74866C11F668" otype="FKIndexAssociation" vid_source="5B160EF0-6FBE-BF4A-230C-8C986CE66405" vid_target="C82A799A-BDA6-4E91-9DBB-6358B0FDEDB8">
<hideElementsInCurrentOnly>false</hideElementsInCurrentOnly>
<backgroundColor>-16777216</backgroundColor>
<lineWidth>1</lineWidth>
<points>
<point x="1110" y="473"/>
<point x="1034" y="473"/>
</points>
</Connector>
<Connector class="oracle.dbtools.crest.swingui.relational.TVFKRelation" oid="E3A78058-4A30-434C-4755-B8045219C6A8" otype="FKIndexAssociation" vid_source="E6D789B7-9027-7540-39C9-05992D15EF2B" vid_target="503ACECF-D1E2-70B1-A6B9-630392B35E9B">
<hideElementsInCurrentOnly>false</hideElementsInCurrentOnly>
<backgroundColor>-16777216</backgroundColor>
<lineWidth>1</lineWidth>
<points>
<point x="1196" y="703"/>
<point x="1196" y="698"/>
</points>
</Connector>
<Connector class="oracle.dbtools.crest.swingui.relational.TVFKRelation" oid="E64ABE83-8574-7F2A-743A-56878B2A0084" otype="FKIndexAssociation" vid_source="1296B4E4-97F8-2FC2-9205-85CF15AA4F36" vid_target="1576A535-7C56-FB5D-B159-335A6BD65314">
<hideElementsInCurrentOnly>false</hideElementsInCurrentOnly>
<backgroundColor>-16777216</backgroundColor>
<lineWidth>1</lineWidth>
<points>
<point x="802" y="399"/>
<point x="872" y="399"/>
</points>
</Connector>
<Connector class="oracle.dbtools.crest.swingui.relational.TVFKRelation" oid="EB67B699-15E0-8A9B-1E48-7205E927A3E1" otype="FKIndexAssociation" vid_source="0CE1199C-0323-F349-70E3-C92A75E2926A" vid_target="168E5EE8-AFBA-9CF1-A3FB-ED07E21E3949">
<hideElementsInCurrentOnly>false</hideElementsInCurrentOnly>
<backgroundColor>-16777216</backgroundColor>
<lineWidth>1</lineWidth>
<points>
<point x="767" y="77"/>
<point x="640" y="77"/>
</points>
</Connector>
<Connector class="oracle.dbtools.crest.swingui.relational.TVFKRelation" oid="ED1D1F5A-76C8-3AB7-7AAD-225E3D44F30D" otype="FKIndexAssociation" vid_source="B2B55658-4B62-5770-4087-853872832317" vid_target="4B608506-0F6A-8E4B-ADBC-ABB3DA2A731B">
<hideElementsInCurrentOnly>false</hideElementsInCurrentOnly>
<backgroundColor>-16777216</backgroundColor>
<lineWidth>1</lineWidth>
<points>
<point x="99" y="189"/>
<point x="99" y="479"/>
</points>
</Connector>
<Connector class="oracle.dbtools.crest.swingui.relational.TVFKRelation" oid="F246042A-F2B6-B9FF-A4A2-CA8DA4641609" otype="FKIndexAssociation" vid_source="466E97FD-66EB-E97F-CB5B-EF2ABBD9A654" vid_target="7470219F-1069-CD06-7C38-51D655F86D56">
<hideElementsInCurrentOnly>false</hideElementsInCurrentOnly>
<backgroundColor>-16777216</backgroundColor>
<lineWidth>1</lineWidth>
<points>
<point x="361" y="627"/>
<point x="361" y="568"/>
</points>
</Connector>
</connectors>
</Diagram>