<?xml version = '1.0' encoding = 'UTF-8'?>
<relationalModel class="oracle.dbtools.crest.model.design.relational.RelationalDesign" name="Relational_1" id="08B88EAC-5B92-EED9-4254-04694DE2B260" mainViewID="87DB81A3-376B-57D5-64D5-D9189AAE52A7">
<createdBy>jose</createdBy>
<createdTime>2019-05-14 02:18:14 UTC</createdTime>
<ownerDesignName>Modelo OnTour</ownerDesignName>
<shouldBeOpen>false</shouldBeOpen>
<selectedRDBMSSite>32076570-2523-435C-2E92-BF29817DFF70</selectedRDBMSSite>
</relationalModel>