<?xml version = '1.0' encoding = 'UTF-8'?>
<Relation class="oracle.dbtools.crest.model.design.logical.Relation" name="Relation_26" directorySegmentName="seg_0" id="32088178-5784-C1F5-CFE5-801FE69A74DC">
<createdBy>jose</createdBy>
<createdTime>2019-05-14 10:44:09 UTC</createdTime>
<ownerDesignName>Modelo OnTour</ownerDesignName>
<engineerTo>
<item key="08B88EAC-5B92-EED9-4254-04694DE2B260" value="true"/>
</engineerTo>
<sourcePk>914F721A-7C7F-FF20-CCDC-976AE066E39D</sourcePk>
<identifying>true</identifying>
<optionalSource>true</optionalSource>
<optionalTarget>false</optionalTarget>
<sourceCardinality>1</sourceCardinality>
<sourceEntity>1186C77A-8ADD-C846-049E-C2C13446DFF9</sourceEntity>
<targetCardinalityString>*</targetCardinalityString>
<targetEntity>AB02FCC6-0686-3C20-96A4-315969EEC23B</targetEntity>
<transferable>true</transferable>
<deleteRule>NO ACTION</deleteRule>
</Relation>