<?xml version = '1.0' encoding = 'UTF-8'?>
<Relation class="oracle.dbtools.crest.model.design.logical.Relation" name="Relation_17" directorySegmentName="seg_0" id="57648E90-7365-0E73-BA38-F19F8AA2568B">
<createdBy>jose</createdBy>
<createdTime>2019-05-14 11:15:53 UTC</createdTime>
<ownerDesignName>Modelo OnTour</ownerDesignName>
<engineerTo>
<item key="08B88EAC-5B92-EED9-4254-04694DE2B260" value="true"/>
</engineerTo>
<sourcePk>0F05586D-669C-1432-27B2-26E514F1C097</sourcePk>
<identifying>true</identifying>
<optionalSource>true</optionalSource>
<optionalTarget>false</optionalTarget>
<sourceCardinality>1</sourceCardinality>
<sourceEntity>895A9339-CD9E-CA46-0180-D47C8FC25E5C</sourceEntity>
<targetCardinalityString>*</targetCardinalityString>
<targetEntity>AB02FCC6-0686-3C20-96A4-315969EEC23B</targetEntity>
<transferable>true</transferable>
<deleteRule>NO ACTION</deleteRule>
</Relation>