<?xml version = '1.0' encoding = 'UTF-8'?>
<Relation class="oracle.dbtools.crest.model.design.logical.Relation" name="Relation_19" directorySegmentName="seg_0" id="61A09E47-EC48-72A1-642E-724C4985B9BB">
<createdBy>jose</createdBy>
<createdTime>2019-05-14 12:11:01 UTC</createdTime>
<ownerDesignName>Modelo OnTour</ownerDesignName>
<engineerTo>
<item key="08B88EAC-5B92-EED9-4254-04694DE2B260" value="true"/>
</engineerTo>
<sourcePk>D4ED4584-838A-788F-FBA2-76FA197A2BB1</sourcePk>
<identifying>true</identifying>
<optionalSource>true</optionalSource>
<optionalTarget>false</optionalTarget>
<sourceCardinality>1</sourceCardinality>
<sourceEntity>F58F1753-1191-0B4A-C0D9-0AF6C144B63A</sourceEntity>
<targetCardinalityString>*</targetCardinalityString>
<targetEntity>59F7D8AA-C930-A062-8B4A-CF24F859B299</targetEntity>
<transferable>true</transferable>
<deleteRule>NO ACTION</deleteRule>
</Relation>