<?xml version = '1.0' encoding = 'UTF-8'?>
<Relation class="oracle.dbtools.crest.model.design.logical.Relation" name="Relation_25" directorySegmentName="seg_0" id="71966D99-4837-2B54-30F3-C8052B502D72">
<createdBy>jose</createdBy>
<createdTime>2019-05-14 10:43:57 UTC</createdTime>
<ownerDesignName>Modelo OnTour</ownerDesignName>
<engineerTo>
<item key="08B88EAC-5B92-EED9-4254-04694DE2B260" value="true"/>
</engineerTo>
<identifying>true</identifying>
<optionalSource>true</optionalSource>
<optionalTarget>false</optionalTarget>
<sourceCardinality>1</sourceCardinality>
<sourceEntity>3DC51A18-93AA-DBAE-4078-84C02CBCFDA0</sourceEntity>
<targetCardinalityString>*</targetCardinalityString>
<targetEntity>AB02FCC6-0686-3C20-96A4-315969EEC23B</targetEntity>
<transferable>true</transferable>
<deleteRule>NO ACTION</deleteRule>
</Relation>