<?xml version = '1.0' encoding = 'UTF-8'?>
<Relation class="oracle.dbtools.crest.model.design.logical.Relation" name="Relation_8" directorySegmentName="seg_0" id="91E74C52-EC95-1F05-6E7F-20251F35D0AD">
<createdBy>jose</createdBy>
<createdTime>2019-05-14 05:37:02 UTC</createdTime>
<ownerDesignName>Modelo OnTour</ownerDesignName>
<engineerTo>
<item key="08B88EAC-5B92-EED9-4254-04694DE2B260" value="true"/>
</engineerTo>
<sourcePk>1BE6167F-82C1-3452-07BF-C354F7D69ADD</sourcePk>
<targetPk>3FA14FAF-E3A4-8D70-7D45-141881717474</targetPk>
<identifying>false</identifying>
<optionalSource>false</optionalSource>
<optionalTarget>false</optionalTarget>
<sourceCardinality>1</sourceCardinality>
<sourceEntity>849134E6-CEAE-AE98-2A04-47D8CA68BD2D</sourceEntity>
<targetCardinalityString>1</targetCardinalityString>
<targetEntity>ABD08933-3562-3228-C63C-F933096DD1C9</targetEntity>
<transferable>true</transferable>
<deleteRule>NO ACTION</deleteRule>
</Relation>