<?xml version = '1.0' encoding = 'UTF-8'?>
<Relation class="oracle.dbtools.crest.model.design.logical.Relation" name="Relation_14" directorySegmentName="seg_0" id="9801E110-2AE0-36BA-77C8-EFF88F7CF395">
<createdBy>jose</createdBy>
<createdTime>2019-05-14 08:15:21 UTC</createdTime>
<ownerDesignName>Modelo OnTour</ownerDesignName>
<engineerTo>
<item key="08B88EAC-5B92-EED9-4254-04694DE2B260" value="true"/>
</engineerTo>
<sourcePk>7D2AEB3F-8A5A-4EBC-FEE7-317DC5669071</sourcePk>
<identifying>true</identifying>
<optionalSource>true</optionalSource>
<optionalTarget>false</optionalTarget>
<sourceCardinality>1</sourceCardinality>
<sourceEntity>8AB48624-4E67-0D89-D9A3-89D11C2D3FF1</sourceEntity>
<targetCardinalityString>*</targetCardinalityString>
<targetEntity>66FE8071-6EFF-1487-D724-0859DD7F6377</targetEntity>
<transferable>true</transferable>
<deleteRule>NO ACTION</deleteRule>
</Relation>