<?xml version = '1.0' encoding = 'UTF-8'?>
<Relation class="oracle.dbtools.crest.model.design.logical.Relation" name="Relation_18" directorySegmentName="seg_0" id="B0021959-527A-37F8-5FA7-487CCBBC4C5D">
<createdBy>jose</createdBy>
<createdTime>2019-05-14 11:19:27 UTC</createdTime>
<ownerDesignName>Modelo OnTour</ownerDesignName>
<engineerTo>
<item key="08B88EAC-5B92-EED9-4254-04694DE2B260" value="true"/>
</engineerTo>
<sourcePk>994D8AB3-1047-0B51-2D78-44C26C5D580A</sourcePk>
<identifying>true</identifying>
<optionalSource>true</optionalSource>
<optionalTarget>false</optionalTarget>
<sourceCardinality>1</sourceCardinality>
<sourceEntity>0C3EEE28-6AD2-014E-07A0-E3B08A3CC4FC</sourceEntity>
<targetCardinalityString>*</targetCardinalityString>
<targetEntity>AB02FCC6-0686-3C20-96A4-315969EEC23B</targetEntity>
<transferable>true</transferable>
<deleteRule>NO ACTION</deleteRule>
</Relation>