<?xml version = '1.0' encoding = 'UTF-8'?>
<Relation class="oracle.dbtools.crest.model.design.logical.Relation" name="un colegio tiene varios cursos" directorySegmentName="seg_0" id="B04821D1-B6CC-C2C1-1C76-49C48D06A48B">
<createdBy>jose</createdBy>
<createdTime>2019-05-14 05:29:27 UTC</createdTime>
<ownerDesignName>Modelo OnTour</ownerDesignName>
<engineerTo>
<item key="08B88EAC-5B92-EED9-4254-04694DE2B260" value="true"/>
</engineerTo>
<sourcePk>4C106ABD-7D0A-CA5A-C82E-31F13B0FC93F</sourcePk>
<identifying>true</identifying>
<optionalSource>false</optionalSource>
<optionalTarget>false</optionalTarget>
<sourceCardinality>1</sourceCardinality>
<sourceEntity>66FE8071-6EFF-1487-D724-0859DD7F6377</sourceEntity>
<targetCardinalityString>*</targetCardinalityString>
<targetEntity>B75B8EA7-2671-FCDA-E895-CFD54772A3AA</targetEntity>
<transferable>true</transferable>
<deleteRule>NO ACTION</deleteRule>
</Relation>