<?xml version = '1.0' encoding = 'UTF-8'?>
<Relation class="oracle.dbtools.crest.model.design.logical.Relation" name="Relation_16" directorySegmentName="seg_0" id="CD991407-C848-D783-9AF2-43013BA93D7B">
<createdBy>jose</createdBy>
<createdTime>2019-05-14 10:07:21 UTC</createdTime>
<ownerDesignName>Modelo OnTour</ownerDesignName>
<engineerTo>
<item key="08B88EAC-5B92-EED9-4254-04694DE2B260" value="true"/>
</engineerTo>
<sourcePk>7F74432A-9BE9-6172-9896-BEB3D5725B08</sourcePk>
<identifying>true</identifying>
<optionalSource>true</optionalSource>
<optionalTarget>false</optionalTarget>
<sourceCardinality>1</sourceCardinality>
<sourceEntity>E3198599-7226-7E48-AF0F-5CF8392BDD26</sourceEntity>
<targetCardinalityString>*</targetCardinalityString>
<targetEntity>61BDFA5F-A40C-04BD-87E2-FDA397D38AE1</targetEntity>
<transferable>true</transferable>
<deleteRule>NO ACTION</deleteRule>
</Relation>