<?xml version = '1.0' encoding = 'UTF-8'?>
<Relation class="oracle.dbtools.crest.model.design.logical.Relation" name="Relation_12" directorySegmentName="seg_0" id="E34F67AA-8BB8-E9A9-E0C2-6924F0B8CDD8">
<createdBy>jose</createdBy>
<createdTime>2019-05-14 05:44:02 UTC</createdTime>
<ownerDesignName>Modelo OnTour</ownerDesignName>
<engineerTo>
<item key="08B88EAC-5B92-EED9-4254-04694DE2B260" value="true"/>
</engineerTo>
<sourcePk>B6C65194-77CC-F51C-70DA-B5F8268426F0</sourcePk>
<identifying>true</identifying>
<optionalSource>true</optionalSource>
<optionalTarget>false</optionalTarget>
<sourceCardinality>1</sourceCardinality>
<sourceEntity>B75B8EA7-2671-FCDA-E895-CFD54772A3AA</sourceEntity>
<targetCardinalityString>*</targetCardinalityString>
<targetEntity>849134E6-CEAE-AE98-2A04-47D8CA68BD2D</targetEntity>
<transferable>true</transferable>
<deleteRule>NO ACTION</deleteRule>
</Relation>