<?xml version = '1.0' encoding = 'UTF-8'?>
<Relation class="oracle.dbtools.crest.model.design.logical.Relation" name="Relation_21" directorySegmentName="seg_0" id="FE147BE2-D36E-26BE-1F3F-A4468AEEA149">
<createdBy>jose</createdBy>
<createdTime>2019-05-14 10:10:42 UTC</createdTime>
<ownerDesignName>Modelo OnTour</ownerDesignName>
<engineerTo>
<item key="08B88EAC-5B92-EED9-4254-04694DE2B260" value="true"/>
</engineerTo>
<sourcePk>743F9C14-03B5-3973-774F-8D80B5CDF7DC</sourcePk>
<identifying>true</identifying>
<optionalSource>true</optionalSource>
<optionalTarget>false</optionalTarget>
<sourceCardinality>1</sourceCardinality>
<sourceEntity>61BDFA5F-A40C-04BD-87E2-FDA397D38AE1</sourceEntity>
<targetCardinalityString>*</targetCardinalityString>
<targetEntity>AB02FCC6-0686-3C20-96A4-315969EEC23B</targetEntity>
<transferable>true</transferable>
<deleteRule>NO ACTION</deleteRule>
</Relation>