<?xml version = '1.0' encoding = 'UTF-8'?>
<Entity class="oracle.dbtools.crest.model.design.logical.Entity" directorySegmentName="seg_0" id="06AE4CE5-7E8E-21D8-43E2-9CDAF31A48BF" name="Detalle_Actividad">
<createdBy>jose</createdBy>
<createdTime>2019-06-07 10:36:15 UTC</createdTime>
<ownerDesignName>ModeloOnTour</ownerDesignName>
<engineerTo>
<item key="EB0525BC-CCF7-FDBC-141E-0557786C9E9F" value="true"/>
</engineerTo>
<adequatelyNormalized>NO</adequatelyNormalized>
<expectedVolumes>0</expectedVolumes>
<fwdEngineeringStrategyName>Single Table</fwdEngineeringStrategyName>
<growthPercent>0</growthPercent>
<growthType>Year</growthType>
<maxVolumes>9999999</maxVolumes>
<minVolumes>0</minVolumes>
<normalForm>Third</normalForm>
<attributes itemClass="oracle.dbtools.crest.model.design.logical.Attribute">
<Attribute name="IdDetAct" id="1B107172-026B-0F91-81B2-15347E048142">
<createdBy>jose</createdBy>
<createdTime>2019-07-07 18:07:16 UTC</createdTime>
<ownerDesignName>ModeloOnTour</ownerDesignName>
<engineerTo>
<item key="EB0525BC-CCF7-FDBC-141E-0557786C9E9F" value="true"/>
</engineerTo>
<useDomainConstraints>false</useDomainConstraints>
<use>1</use>
<logicalDatatype>LOGDT019</logicalDatatype>
<ownDataTypeParameters>,,</ownDataTypeParameters>
</Attribute>
<Attribute name="Cant_Actividades" id="B28CB3C4-ACC0-BD26-5C31-68D8D7B6FCF0">
<createdBy>jose</createdBy>
<createdTime>2019-06-07 10:36:28 UTC</createdTime>
<ownerDesignName>ModeloOnTour</ownerDesignName>
<engineerTo>
<item key="EB0525BC-CCF7-FDBC-141E-0557786C9E9F" value="true"/>
</engineerTo>
<useDomainConstraints>false</useDomainConstraints>
<use>1</use>
<logicalDatatype>LOGDT019</logicalDatatype>
<ownDataTypeParameters>,,</ownDataTypeParameters>
</Attribute>
<Attribute name="IdActividad" id="7B67DBC9-17D6-D21A-E58C-769E77C0C088">
<createdBy>jose</createdBy>
<createdTime>2019-06-07 10:39:15 UTC</createdTime>
<generatorID>AFAE3CD8-C191-1FCF-90A5-19AB9EA5EA92</generatorID>
<ownerDesignName>ModeloOnTour</ownerDesignName>
<engineerTo>
<item key="EB0525BC-CCF7-FDBC-141E-0557786C9E9F" value="true"/>
</engineerTo>
<referedAttribute>96791C14-3334-465C-C56C-379C7FB2B128</referedAttribute>
<useDomainConstraints>false</useDomainConstraints>
<use>1</use>
<logicalDatatype>LOGDT019</logicalDatatype>
<ownDataTypeParameters>,,</ownDataTypeParameters>
</Attribute>
<Attribute name="NumContrato" id="E7BEC176-4BC7-7230-EAFA-60B0BC00DB3F">
<createdBy>jose</createdBy>
<createdTime>2019-06-07 10:39:33 UTC</createdTime>
<generatorID>EE8A31D4-7CBB-4D54-C400-7166330EFCBB</generatorID>
<ownerDesignName>ModeloOnTour</ownerDesignName>
<engineerTo>
<item key="EB0525BC-CCF7-FDBC-141E-0557786C9E9F" value="true"/>
</engineerTo>
<referedAttribute>DD17BE5E-9CAC-12D3-7CB1-E7449ADD96B9</referedAttribute>
<useDomainConstraints>false</useDomainConstraints>
<use>1</use>
<logicalDatatype>LOGDT019</logicalDatatype>
<ownDataTypeParameters>,,</ownDataTypeParameters>
</Attribute>
</attributes>
<identifiers itemClass="oracle.dbtools.crest.model.design.logical.CandidateKey">
<identifier id="58DB2A75-3D82-5767-2BD9-E9D901A65339" name="Detalle_Actividad PK">
<createdBy>jose</createdBy>
<createdTime>2019-06-07 10:39:15 UTC</createdTime>
<ownerDesignName>ModeloOnTour</ownerDesignName>
<engineerTo>
<item key="EB0525BC-CCF7-FDBC-141E-0557786C9E9F" value="true"/>
</engineerTo>
<pk>true</pk>
<usedAttributes>
<attributeRef>1B107172-026B-0F91-81B2-15347E048142</attributeRef>
</usedAttributes>
</identifier>
</identifiers>
</Entity>