<?xml version = '1.0' encoding = 'UTF-8'?>
<Entity class="oracle.dbtools.crest.model.design.logical.Entity" directorySegmentName="seg_0" id="30D233B5-BD6B-4C6E-8F33-62DF244DFA38" name="EmpAseg">
<createdBy>jose</createdBy>
<createdTime>2019-06-06 01:05:30 UTC</createdTime>
<ownerDesignName>ModeloOnTour</ownerDesignName>
<engineerTo>
<item key="32ACCB6A-201C-36C5-1F7F-195C19F4CAC1" value="true"/>
</engineerTo>
<adequatelyNormalized>NO</adequatelyNormalized>
<expectedVolumes>0</expectedVolumes>
<fwdEngineeringStrategyName>Single Table</fwdEngineeringStrategyName>
<growthPercent>0</growthPercent>
<growthType>Year</growthType>
<maxVolumes>9999999</maxVolumes>
<minVolumes>0</minVolumes>
<normalForm>Third</normalForm>
<attributes itemClass="oracle.dbtools.crest.model.design.logical.Attribute">
<Attribute name="RutEmp" id="BBD49C4C-414B-FF60-43EB-AC4E6BF57CF9">
<createdBy>jose</createdBy>
<createdTime>2019-06-06 01:05:43 UTC</createdTime>
<ownerDesignName>ModeloOnTour</ownerDesignName>
<engineerTo>
<item key="32ACCB6A-201C-36C5-1F7F-195C19F4CAC1" value="true"/>
</engineerTo>
<useDomainConstraints>false</useDomainConstraints>
<use>1</use>
<logicalDatatype>LOGDT024</logicalDatatype>
<dataTypeSize>11</dataTypeSize>
<ownDataTypeParameters>11,,</ownDataTypeParameters>
</Attribute>
<Attribute name="Nombre" id="18CB526A-6A2A-D296-5C91-495C156E1177">
<createdBy>jose</createdBy>
<createdTime>2019-06-06 01:05:59 UTC</createdTime>
<ownerDesignName>ModeloOnTour</ownerDesignName>
<engineerTo>
<item key="32ACCB6A-201C-36C5-1F7F-195C19F4CAC1" value="true"/>
</engineerTo>
<useDomainConstraints>false</useDomainConstraints>
<use>1</use>
<logicalDatatype>LOGDT024</logicalDatatype>
<dataTypeSize>30</dataTypeSize>
<ownDataTypeParameters>30,,</ownDataTypeParameters>
</Attribute>
<Attribute name="Direccion" id="07E9B427-5011-1D2B-3089-23A2EEE2B2B8">
<createdBy>jose</createdBy>
<createdTime>2019-06-06 01:06:27 UTC</createdTime>
<ownerDesignName>ModeloOnTour</ownerDesignName>
<engineerTo>
<item key="32ACCB6A-201C-36C5-1F7F-195C19F4CAC1" value="true"/>
</engineerTo>
<useDomainConstraints>false</useDomainConstraints>
<use>1</use>
<logicalDatatype>LOGDT024</logicalDatatype>
<dataTypeSize>30</dataTypeSize>
<ownDataTypeParameters>30,,</ownDataTypeParameters>
</Attribute>
<Attribute name="Telefono" id="C8CC82B6-E421-3331-89AB-E69B620380D7">
<createdBy>jose</createdBy>
<createdTime>2019-06-06 01:06:39 UTC</createdTime>
<ownerDesignName>ModeloOnTour</ownerDesignName>
<engineerTo>
<item key="32ACCB6A-201C-36C5-1F7F-195C19F4CAC1" value="true"/>
</engineerTo>
<useDomainConstraints>false</useDomainConstraints>
<use>1</use>
<logicalDatatype>LOGDT019</logicalDatatype>
<dataTypePrecision>11</dataTypePrecision>
<ownDataTypeParameters>,11,</ownDataTypeParameters>
</Attribute>
</attributes>
<identifiers itemClass="oracle.dbtools.crest.model.design.logical.CandidateKey">
<identifier id="611D7DDF-83D0-F59E-06B0-B15711B57C8B" name="Empresa_Aseguradora PK">
<createdBy>jose</createdBy>
<createdTime>2019-06-06 01:05:58 UTC</createdTime>
<ownerDesignName>ModeloOnTour</ownerDesignName>
<shouldEngineer>false</shouldEngineer>
<engineerTo>
<item key="32ACCB6A-201C-36C5-1F7F-195C19F4CAC1" value="false"/>
</engineerTo>
<pk>true</pk>
<usedAttributes>
<attributeRef>BBD49C4C-414B-FF60-43EB-AC4E6BF57CF9</attributeRef>
</usedAttributes>
</identifier>
</identifiers>
</Entity>