<?xml version = '1.0' encoding = 'UTF-8'?>
<Entity class="oracle.dbtools.crest.model.design.logical.Entity" directorySegmentName="seg_0" id="33CA46FB-4D5F-7B95-4E94-6A92C6DF6AF1" name="ModAporte">
<createdBy>jose</createdBy>
<createdTime>2019-06-06 02:05:08 UTC</createdTime>
<ownerDesignName>ModeloOnTour</ownerDesignName>
<engineerTo>
<item key="32ACCB6A-201C-36C5-1F7F-195C19F4CAC1" value="true"/>
</engineerTo>
<adequatelyNormalized>NO</adequatelyNormalized>
<expectedVolumes>0</expectedVolumes>
<fwdEngineeringStrategyName>Single Table</fwdEngineeringStrategyName>
<growthPercent>0</growthPercent>
<growthType>Year</growthType>
<maxVolumes>9999999</maxVolumes>
<minVolumes>0</minVolumes>
<normalForm>Third</normalForm>
<attributes itemClass="oracle.dbtools.crest.model.design.logical.Attribute">
<Attribute name="idMod" id="77A79A0B-1D80-0365-FD9D-C56746249D4D">
<createdBy>jose</createdBy>
<createdTime>2019-06-06 02:05:21 UTC</createdTime>
<ownerDesignName>ModeloOnTour</ownerDesignName>
<engineerTo>
<item key="32ACCB6A-201C-36C5-1F7F-195C19F4CAC1" value="true"/>
</engineerTo>
<useDomainConstraints>false</useDomainConstraints>
<use>1</use>
<logicalDatatype>LOGDT019</logicalDatatype>
<ownDataTypeParameters>,,</ownDataTypeParameters>
</Attribute>
<Attribute name="Nombre" id="B634E220-2ECE-1657-DAB9-01485B02F4C1">
<createdBy>jose</createdBy>
<createdTime>2019-06-06 02:05:33 UTC</createdTime>
<ownerDesignName>ModeloOnTour</ownerDesignName>
<engineerTo>
<item key="32ACCB6A-201C-36C5-1F7F-195C19F4CAC1" value="true"/>
</engineerTo>
<useDomainConstraints>false</useDomainConstraints>
<use>1</use>
<logicalDatatype>LOGDT024</logicalDatatype>
<dataTypeSize>20</dataTypeSize>
<ownDataTypeParameters>20,,</ownDataTypeParameters>
</Attribute>
</attributes>
<identifiers itemClass="oracle.dbtools.crest.model.design.logical.CandidateKey">
<identifier id="D153301F-B14A-12BA-BA79-58A78B41CE3E" name="Modalidad_pago PK">
<createdBy>jose</createdBy>
<createdTime>2019-06-06 02:05:32 UTC</createdTime>
<ownerDesignName>ModeloOnTour</ownerDesignName>
<shouldEngineer>false</shouldEngineer>
<engineerTo>
<item key="32ACCB6A-201C-36C5-1F7F-195C19F4CAC1" value="false"/>
</engineerTo>
<pk>true</pk>
<usedAttributes>
<attributeRef>77A79A0B-1D80-0365-FD9D-C56746249D4D</attributeRef>
</usedAttributes>
</identifier>
</identifiers>
</Entity>