<?xml version = '1.0' encoding = 'UTF-8'?>
<Entity class="oracle.dbtools.crest.model.design.logical.Entity" directorySegmentName="seg_0" id="3EECDD76-8ED7-6FAB-E6C5-965CC30ED1BF" name="Detalle_Beneficio">
<createdBy>jose</createdBy>
<createdTime>2019-06-07 10:37:09 UTC</createdTime>
<ownerDesignName>ModeloOnTour</ownerDesignName>
<engineerTo>
<item key="EB0525BC-CCF7-FDBC-141E-0557786C9E9F" value="true"/>
</engineerTo>
<adequatelyNormalized>NO</adequatelyNormalized>
<expectedVolumes>0</expectedVolumes>
<fwdEngineeringStrategyName>Single Table</fwdEngineeringStrategyName>
<growthPercent>0</growthPercent>
<growthType>Year</growthType>
<maxVolumes>9999999</maxVolumes>
<minVolumes>0</minVolumes>
<normalForm>Third</normalForm>
<attributes itemClass="oracle.dbtools.crest.model.design.logical.Attribute">
<Attribute name="IdDetBen" id="14411A8A-5E4B-92C6-47BD-2E618E46CBC4">
<createdBy>jose</createdBy>
<createdTime>2019-07-07 18:07:45 UTC</createdTime>
<ownerDesignName>ModeloOnTour</ownerDesignName>
<engineerTo>
<item key="EB0525BC-CCF7-FDBC-141E-0557786C9E9F" value="true"/>
</engineerTo>
<useDomainConstraints>false</useDomainConstraints>
<use>1</use>
<logicalDatatype>LOGDT019</logicalDatatype>
<ownDataTypeParameters>,,</ownDataTypeParameters>
</Attribute>
<Attribute name="Cant_Beneficios" id="37773ED6-2A56-CF34-7692-8CD2881089FF">
<createdBy>jose</createdBy>
<createdTime>2019-06-07 10:37:19 UTC</createdTime>
<ownerDesignName>ModeloOnTour</ownerDesignName>
<engineerTo>
<item key="EB0525BC-CCF7-FDBC-141E-0557786C9E9F" value="true"/>
</engineerTo>
<useDomainConstraints>false</useDomainConstraints>
<use>1</use>
<logicalDatatype>LOGDT019</logicalDatatype>
<ownDataTypeParameters>,,</ownDataTypeParameters>
</Attribute>
<Attribute name="idBenefico" id="2652BE64-EDE9-EEB4-B07A-CC45BF952CE8">
<createdBy>jose</createdBy>
<createdTime>2019-06-07 10:38:23 UTC</createdTime>
<generatorID>A78FBFBB-F849-5232-47EC-A691C58CF56B</generatorID>
<ownerDesignName>ModeloOnTour</ownerDesignName>
<engineerTo>
<item key="EB0525BC-CCF7-FDBC-141E-0557786C9E9F" value="true"/>
</engineerTo>
<referedAttribute>B4FE2EDE-DEE2-8BAB-3F71-7FCB5CE9BDAF</referedAttribute>
<useDomainConstraints>false</useDomainConstraints>
<use>1</use>
<logicalDatatype>LOGDT019</logicalDatatype>
<ownDataTypeParameters>,,</ownDataTypeParameters>
</Attribute>
<Attribute name="NumContrato" id="FF156034-2FFA-7A63-A6C8-06CBF663C075">
<createdBy>jose</createdBy>
<createdTime>2019-06-07 10:38:48 UTC</createdTime>
<generatorID>B5739B7D-D06F-F764-4E34-4AF25C253BDB</generatorID>
<ownerDesignName>ModeloOnTour</ownerDesignName>
<engineerTo>
<item key="EB0525BC-CCF7-FDBC-141E-0557786C9E9F" value="true"/>
</engineerTo>
<referedAttribute>DD17BE5E-9CAC-12D3-7CB1-E7449ADD96B9</referedAttribute>
<useDomainConstraints>false</useDomainConstraints>
<use>1</use>
<logicalDatatype>LOGDT019</logicalDatatype>
<ownDataTypeParameters>,,</ownDataTypeParameters>
</Attribute>
</attributes>
<identifiers itemClass="oracle.dbtools.crest.model.design.logical.CandidateKey">
<identifier id="D47594EE-2C21-1E76-8959-64A9DD863BED" name="Detalle_Beneficio PK">
<createdBy>jose</createdBy>
<createdTime>2019-06-07 10:38:23 UTC</createdTime>
<ownerDesignName>ModeloOnTour</ownerDesignName>
<engineerTo>
<item key="EB0525BC-CCF7-FDBC-141E-0557786C9E9F" value="true"/>
</engineerTo>
<pk>true</pk>
<usedAttributes>
<attributeRef>14411A8A-5E4B-92C6-47BD-2E618E46CBC4</attributeRef>
</usedAttributes>
</identifier>
</identifiers>
</Entity>