<?xml version = '1.0' encoding = 'UTF-8'?>
<Entity class="oracle.dbtools.crest.model.design.logical.Entity" directorySegmentName="seg_0" id="577046C7-C5B5-FA3B-507F-95ABB07E4E23" name="Deposito">
<createdBy>jose</createdBy>
<createdTime>2019-06-07 19:45:37 UTC</createdTime>
<ownerDesignName>ModeloOnTour</ownerDesignName>
<engineerTo>
<item key="EB0525BC-CCF7-FDBC-141E-0557786C9E9F" value="true"/>
</engineerTo>
<adequatelyNormalized>NO</adequatelyNormalized>
<expectedVolumes>0</expectedVolumes>
<fwdEngineeringStrategyName>Single Table</fwdEngineeringStrategyName>
<growthPercent>0</growthPercent>
<growthType>Year</growthType>
<maxVolumes>9999999</maxVolumes>
<minVolumes>0</minVolumes>
<normalForm>Third</normalForm>
<attributes itemClass="oracle.dbtools.crest.model.design.logical.Attribute">
<Attribute name="IdDeposito" id="0E827628-8A66-85CB-EBA4-6E3A3198EA01">
<createdBy>jose</createdBy>
<createdTime>2019-06-07 19:45:43 UTC</createdTime>
<ownerDesignName>ModeloOnTour</ownerDesignName>
<engineerTo>
<item key="EB0525BC-CCF7-FDBC-141E-0557786C9E9F" value="true"/>
</engineerTo>
<useDomainConstraints>false</useDomainConstraints>
<use>1</use>
<logicalDatatype>LOGDT019</logicalDatatype>
<ownDataTypeParameters>,,</ownDataTypeParameters>
</Attribute>
<Attribute name="FechaDeposito" id="D8D325A4-4D7E-BBA8-1D9A-1138BAFFC9B0">
<createdBy>jose</createdBy>
<createdTime>2019-06-07 19:46:02 UTC</createdTime>
<ownerDesignName>ModeloOnTour</ownerDesignName>
<engineerTo>
<item key="EB0525BC-CCF7-FDBC-141E-0557786C9E9F" value="true"/>
</engineerTo>
<useDomainConstraints>false</useDomainConstraints>
<use>1</use>
<logicalDatatype>LOGDT007</logicalDatatype>
<ownDataTypeParameters>,,</ownDataTypeParameters>
</Attribute>
<Attribute name="MontoDeposito" id="938383A2-8AAD-FE40-8626-E8C7AB33687E">
<createdBy>jose</createdBy>
<createdTime>2019-06-07 20:48:30 UTC</createdTime>
<ownerDesignName>ModeloOnTour</ownerDesignName>
<engineerTo>
<item key="EB0525BC-CCF7-FDBC-141E-0557786C9E9F" value="true"/>
</engineerTo>
<useDomainConstraints>false</useDomainConstraints>
<use>1</use>
<logicalDatatype>LOGDT019</logicalDatatype>
<ownDataTypeParameters>,,</ownDataTypeParameters>
</Attribute>
<Attribute name="IdCurso" id="27BB9D34-13E4-D399-8841-9148621D3706">
<createdBy>jose</createdBy>
<createdTime>2019-06-07 20:49:30 UTC</createdTime>
<generatorID>D09BA76E-92D3-4990-1E1C-D854C3D4EC40</generatorID>
<ownerDesignName>ModeloOnTour</ownerDesignName>
<engineerTo>
<item key="EB0525BC-CCF7-FDBC-141E-0557786C9E9F" value="true"/>
</engineerTo>
<referedAttribute>58478BE4-6916-D36D-7DD0-F7A02AED87D0</referedAttribute>
<useDomainConstraints>false</useDomainConstraints>
<use>1</use>
<logicalDatatype>LOGDT024</logicalDatatype>
<dataTypeSize>10</dataTypeSize>
<ownDataTypeParameters>,,</ownDataTypeParameters>
</Attribute>
<Attribute name="RutApoderado" id="FB1E0C8F-074A-B606-4FE6-8A2B711034A5">
<createdBy>jose</createdBy>
<createdTime>2019-07-07 01:38:27 UTC</createdTime>
<generatorID>99C5DA64-F2B0-F8FE-C84D-A141AB5F12F2</generatorID>
<ownerDesignName>ModeloOnTour</ownerDesignName>
<engineerTo>
<item key="EB0525BC-CCF7-FDBC-141E-0557786C9E9F" value="true"/>
</engineerTo>
<referedAttribute>6FF75F98-13DB-6AE2-3AB8-DFEBC49E71B1</referedAttribute>
<useDomainConstraints>false</useDomainConstraints>
<use>1</use>
<logicalDatatype>LOGDT024</logicalDatatype>
<dataTypeSize>11</dataTypeSize>
<ownDataTypeParameters>,,</ownDataTypeParameters>
</Attribute>
</attributes>
<identifiers itemClass="oracle.dbtools.crest.model.design.logical.CandidateKey">
<identifier id="8A27A001-406B-6379-1E55-EC301496EB6A" name="Deposito PK">
<createdBy>jose</createdBy>
<createdTime>2019-06-07 19:46:01 UTC</createdTime>
<ownerDesignName>ModeloOnTour</ownerDesignName>
<engineerTo>
<item key="EB0525BC-CCF7-FDBC-141E-0557786C9E9F" value="true"/>
</engineerTo>
<pk>true</pk>
<usedAttributes>
<attributeRef>0E827628-8A66-85CB-EBA4-6E3A3198EA01</attributeRef>
</usedAttributes>
</identifier>
</identifiers>
</Entity>