<?xml version = '1.0' encoding = 'UTF-8'?>
<Entity class="oracle.dbtools.crest.model.design.logical.Entity" directorySegmentName="seg_0" id="B699209D-0D8C-B6AF-48AA-34CE7FF213E2" name="TipCole">
<createdBy>jose</createdBy>
<createdTime>2019-06-07 19:06:38 UTC</createdTime>
<ownerDesignName>ModeloOnTour</ownerDesignName>
<engineerTo>
<item key="32ACCB6A-201C-36C5-1F7F-195C19F4CAC1" value="true"/>
</engineerTo>
<adequatelyNormalized>NO</adequatelyNormalized>
<expectedVolumes>0</expectedVolumes>
<fwdEngineeringStrategyName>Single Table</fwdEngineeringStrategyName>
<growthPercent>0</growthPercent>
<growthType>Year</growthType>
<maxVolumes>9999999</maxVolumes>
<minVolumes>0</minVolumes>
<normalForm>Third</normalForm>
<attributes itemClass="oracle.dbtools.crest.model.design.logical.Attribute">
<Attribute name="idTipo" id="CA9115F4-0BDC-733E-6C0A-01CACE930A86">
<createdBy>jose</createdBy>
<createdTime>2019-06-07 19:12:44 UTC</createdTime>
<ownerDesignName>ModeloOnTour</ownerDesignName>
<engineerTo>
<item key="32ACCB6A-201C-36C5-1F7F-195C19F4CAC1" value="true"/>
</engineerTo>
<useDomainConstraints>false</useDomainConstraints>
<use>1</use>
<logicalDatatype>LOGDT019</logicalDatatype>
<ownDataTypeParameters>,,</ownDataTypeParameters>
</Attribute>
<Attribute name="Nombre" id="8A45718F-602E-79AD-22E1-41AA58DC9EAB">
<createdBy>jose</createdBy>
<createdTime>2019-06-07 19:12:57 UTC</createdTime>
<ownerDesignName>ModeloOnTour</ownerDesignName>
<engineerTo>
<item key="32ACCB6A-201C-36C5-1F7F-195C19F4CAC1" value="true"/>
</engineerTo>
<useDomainConstraints>false</useDomainConstraints>
<use>1</use>
<logicalDatatype>LOGDT024</logicalDatatype>
<dataTypeSize>30</dataTypeSize>
<ownDataTypeParameters>30,,</ownDataTypeParameters>
</Attribute>
</attributes>
<identifiers itemClass="oracle.dbtools.crest.model.design.logical.CandidateKey">
<identifier id="63E0D115-CB8B-AED5-05D4-E8A8E6ACC306" name="Tipo_Colegio PK">
<createdBy>jose</createdBy>
<createdTime>2019-06-07 19:12:56 UTC</createdTime>
<ownerDesignName>ModeloOnTour</ownerDesignName>
<shouldEngineer>false</shouldEngineer>
<engineerTo>
<item key="32ACCB6A-201C-36C5-1F7F-195C19F4CAC1" value="false"/>
</engineerTo>
<pk>true</pk>
<usedAttributes>
<attributeRef>CA9115F4-0BDC-733E-6C0A-01CACE930A86</attributeRef>
</usedAttributes>
</identifier>
</identifiers>
</Entity>