<?xml version = '1.0' encoding = 'UTF-8'?>
<Entity class="oracle.dbtools.crest.model.design.logical.Entity" directorySegmentName="seg_0" id="D7D6C7EE-572E-4329-AB64-F4F534F06D2C" name="Usuario">
<createdBy>jose</createdBy>
<createdTime>2019-06-07 21:14:43 UTC</createdTime>
<ownerDesignName>ModeloOnTour</ownerDesignName>
<engineerTo>
<item key="32ACCB6A-201C-36C5-1F7F-195C19F4CAC1" value="true"/>
<item key="4B805F8D-683E-EAD1-A49B-15918CB62FB7" value="true"/>
</engineerTo>
<adequatelyNormalized>NO</adequatelyNormalized>
<expectedVolumes>0</expectedVolumes>
<fwdEngineeringStrategyName>Single Table</fwdEngineeringStrategyName>
<growthPercent>0</growthPercent>
<growthType>Year</growthType>
<maxVolumes>9999999</maxVolumes>
<minVolumes>0</minVolumes>
<normalForm>Third</normalForm>
<attributes itemClass="oracle.dbtools.crest.model.design.logical.Attribute">
<Attribute name="IdUsuario" id="CE9F524E-3D57-8D83-DDBF-2F12AE715DC1">
<createdBy>jose</createdBy>
<createdTime>2019-06-07 21:35:22 UTC</createdTime>
<ownerDesignName>ModeloOnTour</ownerDesignName>
<engineerTo>
<item key="32ACCB6A-201C-36C5-1F7F-195C19F4CAC1" value="true"/>
<item key="4B805F8D-683E-EAD1-A49B-15918CB62FB7" value="true"/>
</engineerTo>
<useDomainConstraints>false</useDomainConstraints>
<use>1</use>
<logicalDatatype>LOGDT024</logicalDatatype>
<dataTypeSize>50</dataTypeSize>
<ownDataTypeParameters>50,,</ownDataTypeParameters>
</Attribute>
<Attribute name="RutApoderado" id="F313E356-7554-5D0C-417C-CB36EDA15D8E">
<createdBy>jose</createdBy>
<createdTime>2019-06-07 21:19:34 UTC</createdTime>
<generatorID>5F751A37-06E0-59FF-EFB0-B8114245B5FD</generatorID>
<ownerDesignName>ModeloOnTour</ownerDesignName>
<engineerTo>
<item key="32ACCB6A-201C-36C5-1F7F-195C19F4CAC1" value="true"/>
<item key="4B805F8D-683E-EAD1-A49B-15918CB62FB7" value="true"/>
</engineerTo>
<referedAttribute>6FF75F98-13DB-6AE2-3AB8-DFEBC49E71B1</referedAttribute>
<useDomainConstraints>false</useDomainConstraints>
<use>1</use>
<logicalDatatype>LOGDT024</logicalDatatype>
<dataTypeSize>11</dataTypeSize>
<ownDataTypeParameters>,,</ownDataTypeParameters>
</Attribute>
<Attribute name="RutEjecutivo2" id="9B1F603D-F284-1AB9-57AD-9C0DD45A2046">
<createdBy>jose</createdBy>
<createdTime>2019-06-07 21:20:30 UTC</createdTime>
<generatorID>314027AA-90CC-35A5-64B5-46084A400FB1</generatorID>
<ownerDesignName>ModeloOnTour</ownerDesignName>
<engineerTo>
<item key="32ACCB6A-201C-36C5-1F7F-195C19F4CAC1" value="true"/>
<item key="4B805F8D-683E-EAD1-A49B-15918CB62FB7" value="true"/>
</engineerTo>
<referedAttribute>CD4E824F-ADF2-3868-0BBD-8B34FF7697C6</referedAttribute>
<useDomainConstraints>false</useDomainConstraints>
<use>1</use>
<logicalDatatype>LOGDT024</logicalDatatype>
<dataTypeSize>11</dataTypeSize>
<ownDataTypeParameters>,,</ownDataTypeParameters>
</Attribute>
<Attribute name="RutDueño" id="2822BE3C-4AD7-999F-2546-AD7F474D55A8">
<createdBy>jose</createdBy>
<createdTime>2019-06-07 21:28:45 UTC</createdTime>
<generatorID>B0EDA57A-8A89-4CE8-EAAA-78A5F5EB68BF</generatorID>
<ownerDesignName>ModeloOnTour</ownerDesignName>
<engineerTo>
<item key="32ACCB6A-201C-36C5-1F7F-195C19F4CAC1" value="true"/>
<item key="4B805F8D-683E-EAD1-A49B-15918CB62FB7" value="true"/>
</engineerTo>
<referedAttribute>B1C485A8-F444-27E4-8320-0ACE9D024DD8</referedAttribute>
<useDomainConstraints>false</useDomainConstraints>
<use>1</use>
<logicalDatatype>LOGDT024</logicalDatatype>
<dataTypeSize>11</dataTypeSize>
<ownDataTypeParameters>,,</ownDataTypeParameters>
</Attribute>
<Attribute name="RutAdmSis" id="83DC1D4C-96FC-4B1C-94AC-A4CCE541F90C">
<createdBy>jose</createdBy>
<createdTime>2019-06-07 21:28:59 UTC</createdTime>
<generatorID>195168C0-3D4D-0BD7-D71C-5C60CD1014D2</generatorID>
<ownerDesignName>ModeloOnTour</ownerDesignName>
<engineerTo>
<item key="32ACCB6A-201C-36C5-1F7F-195C19F4CAC1" value="true"/>
<item key="4B805F8D-683E-EAD1-A49B-15918CB62FB7" value="true"/>
</engineerTo>
<referedAttribute>40B2A1FE-CDB8-CF68-3E63-F3E647FBB9A8</referedAttribute>
<useDomainConstraints>false</useDomainConstraints>
<use>1</use>
<logicalDatatype>LOGDT024</logicalDatatype>
<dataTypeSize>11</dataTypeSize>
<ownDataTypeParameters>,,</ownDataTypeParameters>
</Attribute>
</attributes>
<identifiers itemClass="oracle.dbtools.crest.model.design.logical.CandidateKey">
<identifier id="A127427C-F0A0-79D6-0321-785C6FA24AE9" name="Cta_Usuario PK">
<createdBy>jose</createdBy>
<createdTime>2019-06-07 21:19:34 UTC</createdTime>
<ownerDesignName>ModeloOnTour</ownerDesignName>
<engineerTo>
<item key="32ACCB6A-201C-36C5-1F7F-195C19F4CAC1" value="true"/>
<item key="4B805F8D-683E-EAD1-A49B-15918CB62FB7" value="true"/>
</engineerTo>
<pk>true</pk>
<usedAttributes>
<attributeRef>CE9F524E-3D57-8D83-DDBF-2F12AE715DC1</attributeRef>
</usedAttributes>
</identifier>
</identifiers>
</Entity>