<?xml version = '1.0' encoding = 'UTF-8'?>
<Entity class="oracle.dbtools.crest.model.design.logical.Entity" directorySegmentName="seg_0" id="E0F0EADC-439A-5A29-C55A-6494C7ED8B5B" name="Detalle_Seguro">
<createdBy>jose</createdBy>
<createdTime>2019-06-06 01:50:41 UTC</createdTime>
<ownerDesignName>ModeloOnTour</ownerDesignName>
<engineerTo>
<item key="EB0525BC-CCF7-FDBC-141E-0557786C9E9F" value="true"/>
</engineerTo>
<adequatelyNormalized>NO</adequatelyNormalized>
<expectedVolumes>0</expectedVolumes>
<fwdEngineeringStrategyName>Single Table</fwdEngineeringStrategyName>
<growthPercent>0</growthPercent>
<growthType>Year</growthType>
<maxVolumes>9999999</maxVolumes>
<minVolumes>0</minVolumes>
<normalForm>Third</normalForm>
<attributes itemClass="oracle.dbtools.crest.model.design.logical.Attribute">
<Attribute name="IdDetSeg" id="2301A96A-D413-03CC-2BFB-6E69E5ECC983">
<createdBy>jose</createdBy>
<createdTime>2019-07-07 18:08:06 UTC</createdTime>
<ownerDesignName>ModeloOnTour</ownerDesignName>
<engineerTo>
<item key="EB0525BC-CCF7-FDBC-141E-0557786C9E9F" value="true"/>
</engineerTo>
<useDomainConstraints>false</useDomainConstraints>
<use>1</use>
<logicalDatatype>LOGDT019</logicalDatatype>
<ownDataTypeParameters>,,</ownDataTypeParameters>
</Attribute>
<Attribute name="Cant_Seguros" id="C85B1685-0B30-D302-94F7-60CB943C2557">
<createdBy>jose</createdBy>
<createdTime>2019-06-06 01:51:06 UTC</createdTime>
<ownerDesignName>ModeloOnTour</ownerDesignName>
<engineerTo>
<item key="EB0525BC-CCF7-FDBC-141E-0557786C9E9F" value="true"/>
</engineerTo>
<useDomainConstraints>false</useDomainConstraints>
<use>1</use>
<logicalDatatype>LOGDT019</logicalDatatype>
<ownDataTypeParameters>,,</ownDataTypeParameters>
</Attribute>
<Attribute name="IdSeguro" id="4147F307-52C1-D31E-DE37-C5F1EC85DF62">
<createdBy>jose</createdBy>
<createdTime>2019-06-06 01:52:33 UTC</createdTime>
<generatorID>4AC9718A-2A9F-8FB2-BAA0-B53C9387B9A6</generatorID>
<ownerDesignName>ModeloOnTour</ownerDesignName>
<engineerTo>
<item key="EB0525BC-CCF7-FDBC-141E-0557786C9E9F" value="true"/>
</engineerTo>
<referedAttribute>AC7EA2D5-7932-393D-8B52-48E8AAADF54A</referedAttribute>
<useDomainConstraints>false</useDomainConstraints>
<use>1</use>
<logicalDatatype>LOGDT019</logicalDatatype>
<ownDataTypeParameters>,,</ownDataTypeParameters>
</Attribute>
<Attribute name="NumContrato" id="B41AAA64-B4B9-C286-3061-2E672933FE84">
<createdBy>jose</createdBy>
<createdTime>2019-06-06 01:54:44 UTC</createdTime>
<generatorID>64324188-7A4E-5EE5-4B63-25CD2FBA847F</generatorID>
<ownerDesignName>ModeloOnTour</ownerDesignName>
<engineerTo>
<item key="EB0525BC-CCF7-FDBC-141E-0557786C9E9F" value="true"/>
</engineerTo>
<referedAttribute>DD17BE5E-9CAC-12D3-7CB1-E7449ADD96B9</referedAttribute>
<useDomainConstraints>false</useDomainConstraints>
<use>1</use>
<logicalDatatype>LOGDT019</logicalDatatype>
<ownDataTypeParameters>,,</ownDataTypeParameters>
</Attribute>
</attributes>
<identifiers itemClass="oracle.dbtools.crest.model.design.logical.CandidateKey">
<identifier id="41ACC2F2-7BAB-66E1-020B-DA4D52F707BF" name="Detalle_Seguro PK">
<createdBy>jose</createdBy>
<createdTime>2019-06-06 01:52:33 UTC</createdTime>
<ownerDesignName>ModeloOnTour</ownerDesignName>
<engineerTo>
<item key="EB0525BC-CCF7-FDBC-141E-0557786C9E9F" value="true"/>
</engineerTo>
<pk>true</pk>
<usedAttributes>
<attributeRef>2301A96A-D413-03CC-2BFB-6E69E5ECC983</attributeRef>
</usedAttributes>
</identifier>
</identifiers>
</Entity>