<?xml version = '1.0' encoding = 'UTF-8'?>
<Table class="oracle.dbtools.crest.model.design.relational.Table" directorySegmentName="seg_0" id="158C6808-DAC4-E7E5-D215-6B5C25B6319D" name="Usuario">
<createdBy>jose</createdBy>
<createdTime>2019-07-07 18:20:14 UTC</createdTime>
<generatorID>D7D6C7EE-572E-4329-AB64-F4F534F06D2C</generatorID>
<ownerDesignName>ModeloOnTour</ownerDesignName>
<allowColumnReorder>false</allowColumnReorder>
<existDependencyGenerateInDDl>true</existDependencyGenerateInDDl>
<parsed>true</parsed>
<columns itemClass="oracle.dbtools.crest.model.design.relational.Column">
<Column name="IdUsuario" id="BD2BF489-561C-DD6A-E258-5A924A652276">
<createdBy>jose</createdBy>
<createdTime>2019-07-07 18:20:14 UTC</createdTime>
<generatorID>CE9F524E-3D57-8D83-DDBF-2F12AE715DC1</generatorID>
<ownerDesignName>ModeloOnTour</ownerDesignName>
<useDomainConstraints>false</useDomainConstraints>
<use>1</use>
<logicalDatatype>LOGDT024</logicalDatatype>
<dataTypeSize>50</dataTypeSize>
<ownDataTypeParameters>50,,</ownDataTypeParameters>
<autoIncrementCycle>false</autoIncrementCycle>
</Column>
<Column name="Apoderado_RutApoderado" id="CD754416-D4F3-E7D9-7A84-CC3B736094C2">
<createdBy>jose</createdBy>
<createdTime>2019-07-07 18:20:14 UTC</createdTime>
<generatorID>F313E356-7554-5D0C-417C-CB36EDA15D8E</generatorID>
<ownerDesignName>ModeloOnTour</ownerDesignName>
<useDomainConstraints>false</useDomainConstraints>
<use>1</use>
<logicalDatatype>LOGDT024</logicalDatatype>
<dataTypeSize>11</dataTypeSize>
<ownDataTypeParameters>,,</ownDataTypeParameters>
<previousColumn>false</previousColumn>
<autoIncrementCycle>false</autoIncrementCycle>
<associations>
<colAssociation fkAssociation="3AF2E55A-18BF-B71F-A19D-D6822C0FBA7C" referredColumn="7C649671-E66C-251F-0262-C4EDC6EE3529"/>
</associations>
</Column>
<Column name="Ejecutivo_RutEjecutivo" id="AE4A90E5-06D1-C71A-AAC3-A969A596A337">
<createdBy>jose</createdBy>
<createdTime>2019-07-07 18:20:14 UTC</createdTime>
<generatorID>9B1F603D-F284-1AB9-57AD-9C0DD45A2046</generatorID>
<ownerDesignName>ModeloOnTour</ownerDesignName>
<useDomainConstraints>false</useDomainConstraints>
<use>1</use>
<logicalDatatype>LOGDT024</logicalDatatype>
<dataTypeSize>11</dataTypeSize>
<ownDataTypeParameters>,,</ownDataTypeParameters>
<previousColumn>false</previousColumn>
<autoIncrementCycle>false</autoIncrementCycle>
<associations>
<colAssociation fkAssociation="EB67B699-15E0-8A9B-1E48-7205E927A3E1" referredColumn="BFFF0286-E090-0E2B-E5AD-23AED6A422EF"/>
</associations>
</Column>
<Column name="Dueño_RutDueño" id="F0032ED1-C17E-6E17-8C08-AC54E93BC129">
<createdBy>jose</createdBy>
<createdTime>2019-07-07 18:20:14 UTC</createdTime>
<generatorID>2822BE3C-4AD7-999F-2546-AD7F474D55A8</generatorID>
<ownerDesignName>ModeloOnTour</ownerDesignName>
<useDomainConstraints>false</useDomainConstraints>
<use>1</use>
<logicalDatatype>LOGDT024</logicalDatatype>
<dataTypeSize>11</dataTypeSize>
<ownDataTypeParameters>,,</ownDataTypeParameters>
<previousColumn>false</previousColumn>
<autoIncrementCycle>false</autoIncrementCycle>
<associations>
<colAssociation fkAssociation="8719D1BF-250D-5123-D24B-53B2775B403C" referredColumn="C4010C0E-46A5-B9ED-11A8-F384AA05D9E0"/>
</associations>
</Column>
<Column name="Adm_Sis_RutAdmSis" id="AF0CED13-9A4E-F77E-09DC-124B00DC54F7">
<createdBy>jose</createdBy>
<createdTime>2019-07-07 18:20:14 UTC</createdTime>
<generatorID>83DC1D4C-96FC-4B1C-94AC-A4CCE541F90C</generatorID>
<ownerDesignName>ModeloOnTour</ownerDesignName>
<useDomainConstraints>false</useDomainConstraints>
<use>1</use>
<logicalDatatype>LOGDT024</logicalDatatype>
<dataTypeSize>11</dataTypeSize>
<ownDataTypeParameters>,,</ownDataTypeParameters>
<previousColumn>false</previousColumn>
<autoIncrementCycle>false</autoIncrementCycle>
<associations>
<colAssociation fkAssociation="2539EAC7-DF12-6D51-ECBF-0BD17C66A958" referredColumn="14313E7E-1343-381D-E0F3-C8FB703E5594"/>
</associations>
</Column>
</columns>
<indexes itemClass="oracle.dbtools.crest.model.design.relational.Index">
<ind_PK_UK id="5DDE0394-D804-9816-A347-FB11A6749903" name="Usuario_PK">
<createdBy>jose</createdBy>
<createdTime>2019-07-07 18:20:14 UTC</createdTime>
<generatorID>A127427C-F0A0-79D6-0321-785C6FA24AE9</generatorID>
<ownerDesignName>ModeloOnTour</ownerDesignName>
<pk>true</pk>
<indexState>Primary Constraint</indexState>
<isSurrogateKey>false</isSurrogateKey>
<indexColumnUsage>
<colUsage columnID="BD2BF489-561C-DD6A-E258-5A924A652276"/>
</indexColumnUsage>
</ind_PK_UK>
<ind_PK_UK id="8089BD60-D94F-84BB-C9EB-93CA4E619DBA" name="Usuario_Adm_Sis_FK">
<createdBy>jose</createdBy>
<createdTime>2019-07-07 18:20:14 UTC</createdTime>
<generatorID>195168C0-3D4D-0BD7-D71C-5C60CD1014D2</generatorID>
<ownerDesignName>ModeloOnTour</ownerDesignName>
<indexState>Foreign Key</indexState>
<isSurrogateKey>false</isSurrogateKey>
<indexColumnUsage>
<colUsage columnID="AF0CED13-9A4E-F77E-09DC-124B00DC54F7"/>
</indexColumnUsage>
</ind_PK_UK>
<ind_PK_UK id="69310DB3-3374-9561-0A20-7B5DFEB6B880" name="Usuario_Apoderado_FK">
<createdBy>jose</createdBy>
<createdTime>2019-07-07 18:20:14 UTC</createdTime>
<generatorID>5F751A37-06E0-59FF-EFB0-B8114245B5FD</generatorID>
<ownerDesignName>ModeloOnTour</ownerDesignName>
<indexState>Foreign Key</indexState>
<isSurrogateKey>false</isSurrogateKey>
<indexColumnUsage>
<colUsage columnID="CD754416-D4F3-E7D9-7A84-CC3B736094C2"/>
</indexColumnUsage>
</ind_PK_UK>
<ind_PK_UK id="4536E887-214B-11F5-5788-2F67B54B897A" name="Usuario_Dueño_FK">
<createdBy>jose</createdBy>
<createdTime>2019-07-07 18:20:14 UTC</createdTime>
<generatorID>B0EDA57A-8A89-4CE8-EAAA-78A5F5EB68BF</generatorID>
<ownerDesignName>ModeloOnTour</ownerDesignName>
<indexState>Foreign Key</indexState>
<isSurrogateKey>false</isSurrogateKey>
<indexColumnUsage>
<colUsage columnID="F0032ED1-C17E-6E17-8C08-AC54E93BC129"/>
</indexColumnUsage>
</ind_PK_UK>
<ind_PK_UK id="009B937E-93A2-DF81-D0B3-1745E81ECE1A" name="Usuario_Ejecutivo_FK">
<createdBy>jose</createdBy>
<createdTime>2019-07-07 18:20:14 UTC</createdTime>
<generatorID>314027AA-90CC-35A5-64B5-46084A400FB1</generatorID>
<ownerDesignName>ModeloOnTour</ownerDesignName>
<indexState>Foreign Key</indexState>
<isSurrogateKey>false</isSurrogateKey>
<indexColumnUsage>
<colUsage columnID="AE4A90E5-06D1-C71A-AAC3-A969A596A337"/>
</indexColumnUsage>
</ind_PK_UK>
</indexes>
</Table>