<?xml version = '1.0' encoding = 'UTF-8'?>
<Table class="oracle.dbtools.crest.model.design.relational.Table" directorySegmentName="seg_0" id="192E50AF-FDB8-FA4A-E4FA-4DB478AEE760" name="Detalle_Actividad">
<createdBy>jose</createdBy>
<createdTime>2019-07-07 18:20:14 UTC</createdTime>
<generatorID>06AE4CE5-7E8E-21D8-43E2-9CDAF31A48BF</generatorID>
<ownerDesignName>ModeloOnTour</ownerDesignName>
<allowColumnReorder>false</allowColumnReorder>
<existDependencyGenerateInDDl>true</existDependencyGenerateInDDl>
<parsed>true</parsed>
<columns itemClass="oracle.dbtools.crest.model.design.relational.Column">
<Column name="IdDetAct" id="326D22D9-EEB0-B8F3-535F-4B2459569D9A">
<createdBy>jose</createdBy>
<createdTime>2019-07-07 18:20:14 UTC</createdTime>
<generatorID>1B107172-026B-0F91-81B2-15347E048142</generatorID>
<ownerDesignName>ModeloOnTour</ownerDesignName>
<useDomainConstraints>false</useDomainConstraints>
<use>1</use>
<logicalDatatype>LOGDT019</logicalDatatype>
<ownDataTypeParameters>,,</ownDataTypeParameters>
<autoIncrementCycle>false</autoIncrementCycle>
</Column>
<Column name="Cant_Actividades" id="45EDFA36-D4D5-7C9D-BE4A-E0E943580D57">
<createdBy>jose</createdBy>
<createdTime>2019-07-07 18:20:14 UTC</createdTime>
<generatorID>B28CB3C4-ACC0-BD26-5C31-68D8D7B6FCF0</generatorID>
<ownerDesignName>ModeloOnTour</ownerDesignName>
<useDomainConstraints>false</useDomainConstraints>
<use>1</use>
<logicalDatatype>LOGDT019</logicalDatatype>
<ownDataTypeParameters>,,</ownDataTypeParameters>
<autoIncrementCycle>false</autoIncrementCycle>
</Column>
<Column name="Actividad_IdActividad" id="39229CA5-4750-9397-1F31-FF5908587EF5">
<createdBy>jose</createdBy>
<createdTime>2019-07-07 18:20:14 UTC</createdTime>
<generatorID>7B67DBC9-17D6-D21A-E58C-769E77C0C088</generatorID>
<ownerDesignName>ModeloOnTour</ownerDesignName>
<useDomainConstraints>false</useDomainConstraints>
<use>1</use>
<logicalDatatype>LOGDT019</logicalDatatype>
<ownDataTypeParameters>,,</ownDataTypeParameters>
<previousColumn>false</previousColumn>
<autoIncrementCycle>false</autoIncrementCycle>
<associations>
<colAssociation fkAssociation="A0027BEB-70E4-769A-B299-1A5E6CB260AA" referredColumn="C5566A4F-A1B4-578C-ECC6-93A27B0D7E44"/>
</associations>
</Column>
<Column name="Contrato_NumContrato" id="FCEFD86F-A581-53A5-5392-B178E78B7A65">
<createdBy>jose</createdBy>
<createdTime>2019-07-07 18:20:14 UTC</createdTime>
<generatorID>E7BEC176-4BC7-7230-EAFA-60B0BC00DB3F</generatorID>
<ownerDesignName>ModeloOnTour</ownerDesignName>
<useDomainConstraints>false</useDomainConstraints>
<use>1</use>
<logicalDatatype>LOGDT019</logicalDatatype>
<ownDataTypeParameters>,,</ownDataTypeParameters>
<previousColumn>false</previousColumn>
<autoIncrementCycle>false</autoIncrementCycle>
<associations>
<colAssociation fkAssociation="E64ABE83-8574-7F2A-743A-56878B2A0084" referredColumn="AE08761C-D05A-BD5E-ABDE-C9D51C3948FB"/>
</associations>
</Column>
</columns>
<indexes itemClass="oracle.dbtools.crest.model.design.relational.Index">
<ind_PK_UK id="CD41A1AB-95AE-E5BE-83F1-C97D43807025" name="Detalle_Actividad_PK">
<createdBy>jose</createdBy>
<createdTime>2019-07-07 18:20:14 UTC</createdTime>
<generatorID>58DB2A75-3D82-5767-2BD9-E9D901A65339</generatorID>
<ownerDesignName>ModeloOnTour</ownerDesignName>
<pk>true</pk>
<indexState>Primary Constraint</indexState>
<isSurrogateKey>false</isSurrogateKey>
<indexColumnUsage>
<colUsage columnID="326D22D9-EEB0-B8F3-535F-4B2459569D9A"/>
</indexColumnUsage>
</ind_PK_UK>
<ind_PK_UK id="68D029BE-EC08-6934-4067-55D7E87AA0A8" name="Detalle_Actividad_Actividad_FK">
<createdBy>jose</createdBy>
<createdTime>2019-07-07 18:20:14 UTC</createdTime>
<generatorID>AFAE3CD8-C191-1FCF-90A5-19AB9EA5EA92</generatorID>
<ownerDesignName>ModeloOnTour</ownerDesignName>
<indexState>Foreign Key</indexState>
<isSurrogateKey>false</isSurrogateKey>
<indexColumnUsage>
<colUsage columnID="39229CA5-4750-9397-1F31-FF5908587EF5"/>
</indexColumnUsage>
</ind_PK_UK>
<ind_PK_UK id="559896E4-9EAC-D7A9-D206-555478740EF2" name="Detalle_Actividad_Contrato_FK">
<createdBy>jose</createdBy>
<createdTime>2019-07-07 18:20:14 UTC</createdTime>
<generatorID>EE8A31D4-7CBB-4D54-C400-7166330EFCBB</generatorID>
<ownerDesignName>ModeloOnTour</ownerDesignName>
<indexState>Foreign Key</indexState>
<isSurrogateKey>false</isSurrogateKey>
<indexColumnUsage>
<colUsage columnID="FCEFD86F-A581-53A5-5392-B178E78B7A65"/>
</indexColumnUsage>
</ind_PK_UK>
</indexes>
</Table>