<?xml version = '1.0' encoding = 'UTF-8'?>
<Table class="oracle.dbtools.crest.model.design.relational.Table" directorySegmentName="seg_0" id="24E03342-DF28-0E2E-62E8-1F95E4FF7E1D" name="Contrato">
<createdBy>jose</createdBy>
<createdTime>2019-07-07 18:20:14 UTC</createdTime>
<generatorID>D2582134-FDB0-FB3B-188D-D72D9B974C21</generatorID>
<ownerDesignName>ModeloOnTour</ownerDesignName>
<allowColumnReorder>false</allowColumnReorder>
<existDependencyGenerateInDDl>true</existDependencyGenerateInDDl>
<parsed>true</parsed>
<columns itemClass="oracle.dbtools.crest.model.design.relational.Column">
<Column name="NumContrato" id="AE08761C-D05A-BD5E-ABDE-C9D51C3948FB">
<createdBy>jose</createdBy>
<createdTime>2019-07-07 18:20:14 UTC</createdTime>
<generatorID>DD17BE5E-9CAC-12D3-7CB1-E7449ADD96B9</generatorID>
<ownerDesignName>ModeloOnTour</ownerDesignName>
<useDomainConstraints>false</useDomainConstraints>
<use>1</use>
<logicalDatatype>LOGDT019</logicalDatatype>
<ownDataTypeParameters>,,</ownDataTypeParameters>
<autoIncrementCycle>false</autoIncrementCycle>
</Column>
<Column name="FechaCreacion" id="0FCA1526-9427-0702-1371-F714A464D252">
<createdBy>jose</createdBy>
<createdTime>2019-07-07 18:20:14 UTC</createdTime>
<generatorID>F0C6320F-6630-34C7-07C7-CCDB6DA6DB04</generatorID>
<ownerDesignName>ModeloOnTour</ownerDesignName>
<useDomainConstraints>false</useDomainConstraints>
<use>1</use>
<logicalDatatype>LOGDT007</logicalDatatype>
<ownDataTypeParameters>,,</ownDataTypeParameters>
<autoIncrementCycle>false</autoIncrementCycle>
</Column>
<Column name="FechaTermino" id="F0568B32-861E-317B-DE1C-D47EFA9A0CFD">
<createdBy>jose</createdBy>
<createdTime>2019-07-07 18:20:14 UTC</createdTime>
<generatorID>B40A4EB1-8AD3-C877-C14F-5F73D8E43406</generatorID>
<ownerDesignName>ModeloOnTour</ownerDesignName>
<useDomainConstraints>false</useDomainConstraints>
<use>1</use>
<logicalDatatype>LOGDT007</logicalDatatype>
<ownDataTypeParameters>,,</ownDataTypeParameters>
<autoIncrementCycle>false</autoIncrementCycle>
</Column>
<Column name="DuracionDias" id="5F17CD1A-BCC9-091A-D8F1-1625E6474416">
<createdBy>jose</createdBy>
<createdTime>2019-07-07 18:20:14 UTC</createdTime>
<generatorID>5107F074-018E-CFC0-E5AD-EEB6B4EB255E</generatorID>
<ownerDesignName>ModeloOnTour</ownerDesignName>
<useDomainConstraints>false</useDomainConstraints>
<use>1</use>
<logicalDatatype>LOGDT019</logicalDatatype>
<ownDataTypeParameters>,,</ownDataTypeParameters>
<autoIncrementCycle>false</autoIncrementCycle>
</Column>
<Column name="FechaIni" id="F2F2F7A4-0E70-9D30-A22B-82BD271FAA20">
<createdBy>jose</createdBy>
<createdTime>2019-07-07 18:20:14 UTC</createdTime>
<generatorID>35A14618-73FC-AA5E-D9BD-61285517D3E0</generatorID>
<ownerDesignName>ModeloOnTour</ownerDesignName>
<useDomainConstraints>false</useDomainConstraints>
<use>1</use>
<logicalDatatype>LOGDT007</logicalDatatype>
<ownDataTypeParameters>,,</ownDataTypeParameters>
<autoIncrementCycle>false</autoIncrementCycle>
</Column>
<Column name="FechaTerm" id="99720227-99F9-C44B-3603-EFB46E1E6038">
<createdBy>jose</createdBy>
<createdTime>2019-07-07 18:20:14 UTC</createdTime>
<generatorID>776CF72C-A235-6054-FC51-5A1E85F7B860</generatorID>
<ownerDesignName>ModeloOnTour</ownerDesignName>
<useDomainConstraints>false</useDomainConstraints>
<use>1</use>
<logicalDatatype>LOGDT007</logicalDatatype>
<ownDataTypeParameters>,,</ownDataTypeParameters>
<autoIncrementCycle>false</autoIncrementCycle>
</Column>
<Column name="FechaPagos" id="38C3AB00-BA27-E778-B41B-7DD7AAAA6F3F">
<createdBy>jose</createdBy>
<createdTime>2019-07-07 18:20:14 UTC</createdTime>
<generatorID>94931988-8613-CD6D-3151-327D0794A711</generatorID>
<ownerDesignName>ModeloOnTour</ownerDesignName>
<useDomainConstraints>false</useDomainConstraints>
<use>1</use>
<logicalDatatype>LOGDT024</logicalDatatype>
<dataTypeSize>30</dataTypeSize>
<ownDataTypeParameters>30,,</ownDataTypeParameters>
<autoIncrementCycle>false</autoIncrementCycle>
</Column>
<Column name="CostoTotSeguros" id="83D0DD6D-3D58-8DB1-071E-F3B0D2A741E0">
<createdBy>jose</createdBy>
<createdTime>2019-07-07 18:20:14 UTC</createdTime>
<generatorID>84592DA7-4D40-91A8-475B-A0C9F1F18BC6</generatorID>
<ownerDesignName>ModeloOnTour</ownerDesignName>
<useDomainConstraints>false</useDomainConstraints>
<use>1</use>
<logicalDatatype>LOGDT019</logicalDatatype>
<ownDataTypeParameters>,,</ownDataTypeParameters>
<autoIncrementCycle>false</autoIncrementCycle>
</Column>
<Column name="CostoTotActividades" id="C94467F5-43C6-0B0C-B7E8-625A3793606B">
<createdBy>jose</createdBy>
<createdTime>2019-07-07 18:20:14 UTC</createdTime>
<generatorID>A3B9D727-2E63-927A-484D-A9D6185AF029</generatorID>
<ownerDesignName>ModeloOnTour</ownerDesignName>
<useDomainConstraints>false</useDomainConstraints>
<use>1</use>
<logicalDatatype>LOGDT019</logicalDatatype>
<ownDataTypeParameters>,,</ownDataTypeParameters>
<autoIncrementCycle>false</autoIncrementCycle>
</Column>
<Column name="PorcTotBeneficios" id="24731B3A-6D6D-AC8F-74C1-58A6DB966E3F">
<createdBy>jose</createdBy>
<createdTime>2019-07-07 18:20:14 UTC</createdTime>
<generatorID>BF975CFC-B8F6-1FCB-E456-B8EFA9A873C6</generatorID>
<ownerDesignName>ModeloOnTour</ownerDesignName>
<useDomainConstraints>false</useDomainConstraints>
<use>1</use>
<logicalDatatype>LOGDT019</logicalDatatype>
<ownDataTypeParameters>,,</ownDataTypeParameters>
<autoIncrementCycle>false</autoIncrementCycle>
</Column>
<Column name="CostoServicios" id="DBB06B6A-9EBC-DDB6-2AE4-44D838F0C28D">
<createdBy>jose</createdBy>
<createdTime>2019-07-07 18:20:14 UTC</createdTime>
<generatorID>7F24099B-5F91-2910-8CD0-E2C6F8FB1B05</generatorID>
<ownerDesignName>ModeloOnTour</ownerDesignName>
<useDomainConstraints>false</useDomainConstraints>
<use>1</use>
<logicalDatatype>LOGDT019</logicalDatatype>
<ownDataTypeParameters>,,</ownDataTypeParameters>
<autoIncrementCycle>false</autoIncrementCycle>
</Column>
<Column name="Meta" id="1A81019E-EC5A-94D9-5C65-3C292B74FF88">
<createdBy>jose</createdBy>
<createdTime>2019-07-07 18:20:14 UTC</createdTime>
<generatorID>E73255FD-8F43-D737-EC34-4020392E26BC</generatorID>
<ownerDesignName>ModeloOnTour</ownerDesignName>
<useDomainConstraints>false</useDomainConstraints>
<use>1</use>
<logicalDatatype>LOGDT019</logicalDatatype>
<ownDataTypeParameters>,,</ownDataTypeParameters>
<autoIncrementCycle>false</autoIncrementCycle>
</Column>
<Column name="TipActividad_idTipoAct" id="C7490D59-AC12-5F4B-1E0D-4B5D1E10CBB1">
<createdBy>jose</createdBy>
<createdTime>2019-07-07 18:20:14 UTC</createdTime>
<generatorID>6DBF0F36-68E7-3EA5-B015-23AFCB98852B</generatorID>
<ownerDesignName>ModeloOnTour</ownerDesignName>
<useDomainConstraints>false</useDomainConstraints>
<use>1</use>
<logicalDatatype>LOGDT019</logicalDatatype>
<ownDataTypeParameters>,,</ownDataTypeParameters>
<previousColumn>false</previousColumn>
<autoIncrementCycle>false</autoIncrementCycle>
<associations>
<colAssociation fkAssociation="2FABB864-A49D-DC51-7BC7-224250845BA5" referredColumn="74451327-17A1-74F8-0337-F58867C455CB"/>
</associations>
</Column>
<Column name="Ejecutivo_RutEjecutivo" id="8D0B5CEF-537F-B0B8-CF5A-B4B3D79493AA">
<createdBy>jose</createdBy>
<createdTime>2019-07-07 18:20:14 UTC</createdTime>
<generatorID>A9C3BA62-167A-B14C-B836-11320187E2AE</generatorID>
<ownerDesignName>ModeloOnTour</ownerDesignName>
<useDomainConstraints>false</useDomainConstraints>
<use>1</use>
<logicalDatatype>LOGDT024</logicalDatatype>
<dataTypeSize>11</dataTypeSize>
<ownDataTypeParameters>,,</ownDataTypeParameters>
<previousColumn>false</previousColumn>
<autoIncrementCycle>false</autoIncrementCycle>
<associations>
<colAssociation fkAssociation="3715DAFC-08B6-05A8-A827-44AABA9024E6" referredColumn="BFFF0286-E090-0E2B-E5AD-23AED6A422EF"/>
</associations>
</Column>
<Column name="Curso_IdCurso" id="40F2E54B-75D5-3C92-B646-A96C996C88EA">
<createdBy>jose</createdBy>
<createdTime>2019-07-07 18:20:14 UTC</createdTime>
<generatorID>2CA78365-D8DA-CDC3-D4E7-873464459BFA</generatorID>
<ownerDesignName>ModeloOnTour</ownerDesignName>
<useDomainConstraints>false</useDomainConstraints>
<use>1</use>
<logicalDatatype>LOGDT024</logicalDatatype>
<dataTypeSize>10</dataTypeSize>
<ownDataTypeParameters>,,</ownDataTypeParameters>
<previousColumn>false</previousColumn>
<autoIncrementCycle>false</autoIncrementCycle>
<associations>
<colAssociation fkAssociation="67BA0760-AD2B-906A-67C1-338B1E1FF49C" referredColumn="86DF7C01-3D3B-ECF3-537A-E9CD182089D7"/>
</associations>
</Column>
<Column name="Ciudad_CodCiudad" id="E6DC9F93-CDB8-5083-2B4F-DC6B49639311">
<createdBy>jose</createdBy>
<createdTime>2019-07-07 18:20:14 UTC</createdTime>
<generatorID>C9C63613-96A9-1CA1-393D-0296FCD9A395</generatorID>
<ownerDesignName>ModeloOnTour</ownerDesignName>
<useDomainConstraints>false</useDomainConstraints>
<use>1</use>
<logicalDatatype>LOGDT019</logicalDatatype>
<ownDataTypeParameters>,,</ownDataTypeParameters>
<previousColumn>false</previousColumn>
<autoIncrementCycle>false</autoIncrementCycle>
<associations>
<colAssociation fkAssociation="0DA59525-6690-24E2-A1E6-C7C41847EDA0" referredColumn="94BE5B9B-BE59-F565-66B8-4C504F0396FA"/>
</associations>
</Column>
</columns>
<indexes itemClass="oracle.dbtools.crest.model.design.relational.Index">
<ind_PK_UK id="E1CB54A6-EA94-E71C-3A1B-4F74BFC9B1D2" name="Contrato_PK">
<createdBy>jose</createdBy>
<createdTime>2019-07-07 18:20:14 UTC</createdTime>
<generatorID>05786FE4-3FF6-BD03-24D2-A77B18577E3B</generatorID>
<ownerDesignName>ModeloOnTour</ownerDesignName>
<pk>true</pk>
<indexState>Primary Constraint</indexState>
<isSurrogateKey>false</isSurrogateKey>
<indexColumnUsage>
<colUsage columnID="AE08761C-D05A-BD5E-ABDE-C9D51C3948FB"/>
</indexColumnUsage>
</ind_PK_UK>
<ind_PK_UK id="335F26F8-02DB-499B-0D51-BE262CB02EAA" name="Contrato_Ciudad_FK">
<createdBy>jose</createdBy>
<createdTime>2019-07-07 18:20:14 UTC</createdTime>
<generatorID>55D95963-3EE1-740E-5058-784E11E06348</generatorID>
<ownerDesignName>ModeloOnTour</ownerDesignName>
<indexState>Foreign Key</indexState>
<isSurrogateKey>false</isSurrogateKey>
<indexColumnUsage>
<colUsage columnID="E6DC9F93-CDB8-5083-2B4F-DC6B49639311"/>
</indexColumnUsage>
</ind_PK_UK>
<ind_PK_UK id="7F618612-9B40-6C8E-410E-7E35B0F251E1" name="Contrato_Curso_FK">
<createdBy>jose</createdBy>
<createdTime>2019-07-07 18:20:14 UTC</createdTime>
<generatorID>A084FFDE-E4DD-737B-BEF6-6F9A3ACEB578</generatorID>
<ownerDesignName>ModeloOnTour</ownerDesignName>
<indexState>Foreign Key</indexState>
<isSurrogateKey>false</isSurrogateKey>
<indexColumnUsage>
<colUsage columnID="40F2E54B-75D5-3C92-B646-A96C996C88EA"/>
</indexColumnUsage>
</ind_PK_UK>
<ind_PK_UK id="9B6A3B50-D9CC-BB92-4798-D59934707F78" name="Contrato_Ejecutivo_FK">
<createdBy>jose</createdBy>
<createdTime>2019-07-07 18:20:14 UTC</createdTime>
<generatorID>0A539839-A583-A7D4-8F75-CFB361E90967</generatorID>
<ownerDesignName>ModeloOnTour</ownerDesignName>
<indexState>Foreign Key</indexState>
<isSurrogateKey>false</isSurrogateKey>
<indexColumnUsage>
<colUsage columnID="8D0B5CEF-537F-B0B8-CF5A-B4B3D79493AA"/>
</indexColumnUsage>
</ind_PK_UK>
<ind_PK_UK id="3A1EA373-4EE0-0CE8-C661-2842E024D501" name="Contrato_TipActividad_FK">
<createdBy>jose</createdBy>
<createdTime>2019-07-07 18:20:14 UTC</createdTime>
<generatorID>38B9708F-4524-C2C2-9565-20E7BAFA2C40</generatorID>
<ownerDesignName>ModeloOnTour</ownerDesignName>
<indexState>Foreign Key</indexState>
<isSurrogateKey>false</isSurrogateKey>
<indexColumnUsage>
<colUsage columnID="C7490D59-AC12-5F4B-1E0D-4B5D1E10CBB1"/>
</indexColumnUsage>
</ind_PK_UK>
</indexes>
</Table>