<?xml version = '1.0' encoding = 'UTF-8'?>
<Table class="oracle.dbtools.crest.model.design.relational.Table" directorySegmentName="seg_0" id="3F3E761F-EFEF-F916-C284-73E81B6956F7" name="Detalle_Beneficio">
<createdBy>jose</createdBy>
<createdTime>2019-07-07 18:20:14 UTC</createdTime>
<generatorID>3EECDD76-8ED7-6FAB-E6C5-965CC30ED1BF</generatorID>
<ownerDesignName>ModeloOnTour</ownerDesignName>
<allowColumnReorder>false</allowColumnReorder>
<existDependencyGenerateInDDl>true</existDependencyGenerateInDDl>
<parsed>true</parsed>
<columns itemClass="oracle.dbtools.crest.model.design.relational.Column">
<Column name="IdDetBen" id="AC89ACCE-1BEB-C34D-C954-CE757B7E5570">
<createdBy>jose</createdBy>
<createdTime>2019-07-07 18:20:14 UTC</createdTime>
<generatorID>14411A8A-5E4B-92C6-47BD-2E618E46CBC4</generatorID>
<ownerDesignName>ModeloOnTour</ownerDesignName>
<useDomainConstraints>false</useDomainConstraints>
<use>1</use>
<logicalDatatype>LOGDT019</logicalDatatype>
<ownDataTypeParameters>,,</ownDataTypeParameters>
<autoIncrementCycle>false</autoIncrementCycle>
</Column>
<Column name="Cant_Beneficios" id="06A281AB-9C9C-C515-4731-70E7E0DDC6C9">
<createdBy>jose</createdBy>
<createdTime>2019-07-07 18:20:14 UTC</createdTime>
<generatorID>37773ED6-2A56-CF34-7692-8CD2881089FF</generatorID>
<ownerDesignName>ModeloOnTour</ownerDesignName>
<useDomainConstraints>false</useDomainConstraints>
<use>1</use>
<logicalDatatype>LOGDT019</logicalDatatype>
<ownDataTypeParameters>,,</ownDataTypeParameters>
<autoIncrementCycle>false</autoIncrementCycle>
</Column>
<Column name="Beneficio_idBenefico" id="D93480DE-267A-98C6-9ABF-418C1F8B5AFD">
<createdBy>jose</createdBy>
<createdTime>2019-07-07 18:20:14 UTC</createdTime>
<generatorID>2652BE64-EDE9-EEB4-B07A-CC45BF952CE8</generatorID>
<ownerDesignName>ModeloOnTour</ownerDesignName>
<useDomainConstraints>false</useDomainConstraints>
<use>1</use>
<logicalDatatype>LOGDT019</logicalDatatype>
<ownDataTypeParameters>,,</ownDataTypeParameters>
<previousColumn>false</previousColumn>
<autoIncrementCycle>false</autoIncrementCycle>
<associations>
<colAssociation fkAssociation="CF0CB76B-A46B-399B-E1C8-74866C11F668" referredColumn="B20E0861-DFB4-10E0-1D8A-A30FEF4832B6"/>
</associations>
</Column>
<Column name="Contrato_NumContrato" id="24A80557-3D83-A5E0-84DE-C073408672BB">
<createdBy>jose</createdBy>
<createdTime>2019-07-07 18:20:14 UTC</createdTime>
<generatorID>FF156034-2FFA-7A63-A6C8-06CBF663C075</generatorID>
<ownerDesignName>ModeloOnTour</ownerDesignName>
<useDomainConstraints>false</useDomainConstraints>
<use>1</use>
<logicalDatatype>LOGDT019</logicalDatatype>
<ownDataTypeParameters>,,</ownDataTypeParameters>
<previousColumn>false</previousColumn>
<autoIncrementCycle>false</autoIncrementCycle>
<associations>
<colAssociation fkAssociation="90BE3103-8EB2-EDFF-21B7-175521E0D5B6" referredColumn="AE08761C-D05A-BD5E-ABDE-C9D51C3948FB"/>
</associations>
</Column>
</columns>
<indexes itemClass="oracle.dbtools.crest.model.design.relational.Index">
<ind_PK_UK id="3AB91E21-1CC4-478D-78ED-A63B4F8F8A18" name="Detalle_Beneficio_PK">
<createdBy>jose</createdBy>
<createdTime>2019-07-07 18:20:14 UTC</createdTime>
<generatorID>D47594EE-2C21-1E76-8959-64A9DD863BED</generatorID>
<ownerDesignName>ModeloOnTour</ownerDesignName>
<pk>true</pk>
<indexState>Primary Constraint</indexState>
<isSurrogateKey>false</isSurrogateKey>
<indexColumnUsage>
<colUsage columnID="AC89ACCE-1BEB-C34D-C954-CE757B7E5570"/>
</indexColumnUsage>
</ind_PK_UK>
<ind_PK_UK id="B8FF802C-B7F4-573D-8A0B-230E71B06893" name="Detalle_Beneficio_Beneficio_FK">
<createdBy>jose</createdBy>
<createdTime>2019-07-07 18:20:14 UTC</createdTime>
<generatorID>A78FBFBB-F849-5232-47EC-A691C58CF56B</generatorID>
<ownerDesignName>ModeloOnTour</ownerDesignName>
<indexState>Foreign Key</indexState>
<isSurrogateKey>false</isSurrogateKey>
<indexColumnUsage>
<colUsage columnID="D93480DE-267A-98C6-9ABF-418C1F8B5AFD"/>
</indexColumnUsage>
</ind_PK_UK>
<ind_PK_UK id="05A0C9FF-FAEE-C829-C132-F4BA26A2E165" name="Detalle_Beneficio_Contrato_FK">
<createdBy>jose</createdBy>
<createdTime>2019-07-07 18:20:14 UTC</createdTime>
<generatorID>B5739B7D-D06F-F764-4E34-4AF25C253BDB</generatorID>
<ownerDesignName>ModeloOnTour</ownerDesignName>
<indexState>Foreign Key</indexState>
<isSurrogateKey>false</isSurrogateKey>
<indexColumnUsage>
<colUsage columnID="24A80557-3D83-A5E0-84DE-C073408672BB"/>
</indexColumnUsage>
</ind_PK_UK>
</indexes>
</Table>