<?xml version = '1.0' encoding = 'UTF-8'?>
<Table class="oracle.dbtools.crest.model.design.relational.Table" directorySegmentName="seg_0" id="87CD7BA3-BD8F-1F3B-3D1B-AC34AD6FFEFE" name="Ejecutivo">
<createdBy>jose</createdBy>
<createdTime>2019-07-07 18:20:14 UTC</createdTime>
<generatorID>D381D020-1595-F644-8241-085D9A6341A9</generatorID>
<ownerDesignName>ModeloOnTour</ownerDesignName>
<allowColumnReorder>false</allowColumnReorder>
<existDependencyGenerateInDDl>true</existDependencyGenerateInDDl>
<parsed>true</parsed>
<columns itemClass="oracle.dbtools.crest.model.design.relational.Column">
<Column name="RutEjecutivo" id="BFFF0286-E090-0E2B-E5AD-23AED6A422EF">
<createdBy>jose</createdBy>
<createdTime>2019-07-07 18:20:14 UTC</createdTime>
<generatorID>CD4E824F-ADF2-3868-0BBD-8B34FF7697C6</generatorID>
<ownerDesignName>ModeloOnTour</ownerDesignName>
<useDomainConstraints>false</useDomainConstraints>
<use>1</use>
<logicalDatatype>LOGDT024</logicalDatatype>
<dataTypeSize>11</dataTypeSize>
<ownDataTypeParameters>11,,</ownDataTypeParameters>
<autoIncrementCycle>false</autoIncrementCycle>
</Column>
<Column name="Nombre" id="46B6C967-0C86-67EA-5E84-B9F2674D58C4">
<createdBy>jose</createdBy>
<createdTime>2019-07-07 18:20:14 UTC</createdTime>
<generatorID>EF8D7411-13A2-D74E-754D-001B553ABB0E</generatorID>
<ownerDesignName>ModeloOnTour</ownerDesignName>
<useDomainConstraints>false</useDomainConstraints>
<use>1</use>
<logicalDatatype>LOGDT024</logicalDatatype>
<dataTypeSize>50</dataTypeSize>
<ownDataTypeParameters>50,,</ownDataTypeParameters>
<autoIncrementCycle>false</autoIncrementCycle>
</Column>
<Column name="Apaterno" id="C44E4AFA-2C5A-2BD7-163A-4C85A7E68A7A">
<createdBy>jose</createdBy>
<createdTime>2019-07-07 18:20:14 UTC</createdTime>
<generatorID>69463187-AA2A-2F9A-9DDC-A32A6A2FEB52</generatorID>
<ownerDesignName>ModeloOnTour</ownerDesignName>
<useDomainConstraints>false</useDomainConstraints>
<use>1</use>
<logicalDatatype>LOGDT024</logicalDatatype>
<dataTypeSize>50</dataTypeSize>
<ownDataTypeParameters>50,,</ownDataTypeParameters>
<autoIncrementCycle>false</autoIncrementCycle>
</Column>
<Column name="Amaterno" id="3F5BA293-6731-B57C-4A67-213A7C584C3B">
<createdBy>jose</createdBy>
<createdTime>2019-07-07 18:20:14 UTC</createdTime>
<generatorID>3A3EFE62-95DD-301E-BEF8-BAA9F7FEB45F</generatorID>
<ownerDesignName>ModeloOnTour</ownerDesignName>
<useDomainConstraints>false</useDomainConstraints>
<use>1</use>
<logicalDatatype>LOGDT024</logicalDatatype>
<dataTypeSize>50</dataTypeSize>
<ownDataTypeParameters>50,,</ownDataTypeParameters>
<autoIncrementCycle>false</autoIncrementCycle>
</Column>
<Column name="Direccion" id="E75E72C4-EBBE-5B27-EE46-E577BFFF44EA">
<createdBy>jose</createdBy>
<createdTime>2019-07-07 18:20:14 UTC</createdTime>
<generatorID>EFC33E6A-C77E-7D13-729A-1330734BD4F1</generatorID>
<ownerDesignName>ModeloOnTour</ownerDesignName>
<useDomainConstraints>false</useDomainConstraints>
<use>1</use>
<logicalDatatype>LOGDT024</logicalDatatype>
<dataTypeSize>30</dataTypeSize>
<ownDataTypeParameters>30,,</ownDataTypeParameters>
<autoIncrementCycle>false</autoIncrementCycle>
</Column>
<Column name="Email" id="4C5E30B2-CB37-4914-6D0F-4868BAA270CF">
<createdBy>jose</createdBy>
<createdTime>2019-07-07 18:20:14 UTC</createdTime>
<generatorID>F2BC0DC8-E61C-EBAD-C98C-65E94F339A38</generatorID>
<ownerDesignName>ModeloOnTour</ownerDesignName>
<useDomainConstraints>false</useDomainConstraints>
<use>1</use>
<logicalDatatype>LOGDT024</logicalDatatype>
<dataTypeSize>40</dataTypeSize>
<ownDataTypeParameters>40,,</ownDataTypeParameters>
<autoIncrementCycle>false</autoIncrementCycle>
</Column>
</columns>
<indexes itemClass="oracle.dbtools.crest.model.design.relational.Index">
<ind_PK_UK id="F0051E06-4D46-6B30-2576-EB45498BC74D" name="Ejecutivo_PK">
<createdBy>jose</createdBy>
<createdTime>2019-07-07 18:20:14 UTC</createdTime>
<generatorID>3A190202-A83A-DB09-E6F9-55CDB46B1993</generatorID>
<ownerDesignName>ModeloOnTour</ownerDesignName>
<pk>true</pk>
<indexState>Primary Constraint</indexState>
<isSurrogateKey>false</isSurrogateKey>
<indexColumnUsage>
<colUsage columnID="BFFF0286-E090-0E2B-E5AD-23AED6A422EF"/>
</indexColumnUsage>
</ind_PK_UK>
</indexes>
</Table>