<?xml version = '1.0' encoding = 'UTF-8'?>
<Table class="oracle.dbtools.crest.model.design.relational.Table" directorySegmentName="seg_0" id="B2666732-64A4-A8C6-E5AD-0BB155AF5E47" name="Tasa_Interes">
<createdBy>jose</createdBy>
<createdTime>2019-07-07 18:20:14 UTC</createdTime>
<generatorID>766866B6-2009-7D3E-842D-21BE0CBEA838</generatorID>
<ownerDesignName>ModeloOnTour</ownerDesignName>
<allowColumnReorder>false</allowColumnReorder>
<existDependencyGenerateInDDl>true</existDependencyGenerateInDDl>
<parsed>true</parsed>
<columns itemClass="oracle.dbtools.crest.model.design.relational.Column">
<Column name="IdInteres" id="115D7F15-15B8-964C-05DA-B3E4CDF82C62">
<createdBy>jose</createdBy>
<createdTime>2019-07-07 18:20:14 UTC</createdTime>
<generatorID>FDBC838D-47FE-CA7A-DD8D-475A57887BDA</generatorID>
<ownerDesignName>ModeloOnTour</ownerDesignName>
<useDomainConstraints>false</useDomainConstraints>
<use>1</use>
<logicalDatatype>LOGDT019</logicalDatatype>
<ownDataTypeParameters>,,</ownDataTypeParameters>
<autoIncrementCycle>false</autoIncrementCycle>
</Column>
<Column name="DiasIni" id="15B95CE8-02F6-5A83-78AE-5EAF1245A280">
<createdBy>jose</createdBy>
<createdTime>2019-07-07 18:20:14 UTC</createdTime>
<generatorID>9449E2BD-20D4-64EF-AE43-A23C23C2C12D</generatorID>
<ownerDesignName>ModeloOnTour</ownerDesignName>
<useDomainConstraints>false</useDomainConstraints>
<use>1</use>
<logicalDatatype>LOGDT019</logicalDatatype>
<ownDataTypeParameters>,,</ownDataTypeParameters>
<autoIncrementCycle>false</autoIncrementCycle>
</Column>
<Column name="DiasTerm" id="5603F8CA-46CE-1370-51E6-BF69DA6D77FF">
<createdBy>jose</createdBy>
<createdTime>2019-07-07 18:20:14 UTC</createdTime>
<generatorID>CB7B1CE5-A023-4DC1-7A29-6543A9835CB9</generatorID>
<ownerDesignName>ModeloOnTour</ownerDesignName>
<useDomainConstraints>false</useDomainConstraints>
<use>1</use>
<logicalDatatype>LOGDT019</logicalDatatype>
<ownDataTypeParameters>,,</ownDataTypeParameters>
<autoIncrementCycle>false</autoIncrementCycle>
</Column>
<Column name="PorcMulta" id="6FE60D5E-7756-D959-F52B-9C89252925D6">
<createdBy>jose</createdBy>
<createdTime>2019-07-07 18:20:14 UTC</createdTime>
<generatorID>AD0D9600-FA13-8E29-F16D-F9F6129EC634</generatorID>
<ownerDesignName>ModeloOnTour</ownerDesignName>
<useDomainConstraints>false</useDomainConstraints>
<use>1</use>
<logicalDatatype>LOGDT019</logicalDatatype>
<ownDataTypeParameters>,,</ownDataTypeParameters>
<autoIncrementCycle>false</autoIncrementCycle>
</Column>
</columns>
<indexes itemClass="oracle.dbtools.crest.model.design.relational.Index">
<ind_PK_UK id="2FAFFD07-FF1B-4D0B-EC30-455A6CBE265A" name="Tasa_Interes_PK">
<createdBy>jose</createdBy>
<createdTime>2019-07-07 18:20:14 UTC</createdTime>
<generatorID>945F262C-F763-8B36-2D94-6817F3D52A52</generatorID>
<ownerDesignName>ModeloOnTour</ownerDesignName>
<pk>true</pk>
<indexState>Primary Constraint</indexState>
<isSurrogateKey>false</isSurrogateKey>
<indexColumnUsage>
<colUsage columnID="115D7F15-15B8-964C-05DA-B3E4CDF82C62"/>
</indexColumnUsage>
</ind_PK_UK>
</indexes>
</Table>