<?xml version = '1.0' encoding = 'UTF-8'?>
<Table class="oracle.dbtools.crest.model.design.relational.Table" directorySegmentName="seg_0" id="B56D5AC0-2D3A-9245-B5E5-A3F781315B5F" name="Ciudad">
<createdBy>jose</createdBy>
<createdTime>2019-07-07 18:20:14 UTC</createdTime>
<generatorID>FE96C46D-6461-C4C0-D070-AF304E2830B4</generatorID>
<ownerDesignName>ModeloOnTour</ownerDesignName>
<allowColumnReorder>false</allowColumnReorder>
<existDependencyGenerateInDDl>true</existDependencyGenerateInDDl>
<parsed>true</parsed>
<columns itemClass="oracle.dbtools.crest.model.design.relational.Column">
<Column name="CodCiudad" id="94BE5B9B-BE59-F565-66B8-4C504F0396FA">
<createdBy>jose</createdBy>
<createdTime>2019-07-07 18:20:14 UTC</createdTime>
<generatorID>28F06F31-5836-3626-B7F6-CF956F331736</generatorID>
<ownerDesignName>ModeloOnTour</ownerDesignName>
<useDomainConstraints>false</useDomainConstraints>
<use>1</use>
<logicalDatatype>LOGDT019</logicalDatatype>
<ownDataTypeParameters>,,</ownDataTypeParameters>
<autoIncrementCycle>false</autoIncrementCycle>
</Column>
<Column name="Nombre" id="A9F6A2F6-9A6F-FAE7-7083-2B7FD4D132B7">
<createdBy>jose</createdBy>
<createdTime>2019-07-07 18:20:14 UTC</createdTime>
<generatorID>173C9B48-FF4D-A433-16DA-660A23D28BA3</generatorID>
<ownerDesignName>ModeloOnTour</ownerDesignName>
<useDomainConstraints>false</useDomainConstraints>
<use>1</use>
<logicalDatatype>LOGDT024</logicalDatatype>
<dataTypeSize>20</dataTypeSize>
<ownDataTypeParameters>20,,</ownDataTypeParameters>
<autoIncrementCycle>false</autoIncrementCycle>
</Column>
<Column name="Pais_CodPais" id="7FEBF288-EDCB-0DF2-64DE-96F76C74E4DB">
<createdBy>jose</createdBy>
<createdTime>2019-07-07 18:20:14 UTC</createdTime>
<generatorID>07EC26FC-29B7-50E9-41EC-B03EFD275E37</generatorID>
<ownerDesignName>ModeloOnTour</ownerDesignName>
<useDomainConstraints>false</useDomainConstraints>
<use>1</use>
<logicalDatatype>LOGDT019</logicalDatatype>
<ownDataTypeParameters>,,</ownDataTypeParameters>
<previousColumn>false</previousColumn>
<autoIncrementCycle>false</autoIncrementCycle>
<associations>
<colAssociation fkAssociation="09E6EBF6-A26E-BA87-08E3-D345FBFDA83A" referredColumn="7DD51940-72AD-F816-5D41-78E2B18E5DA6"/>
</associations>
</Column>
</columns>
<indexes itemClass="oracle.dbtools.crest.model.design.relational.Index">
<ind_PK_UK id="1478F383-6A3B-6DF7-D6C4-95BBD6B1F80F" name="Ciudad_PK">
<createdBy>jose</createdBy>
<createdTime>2019-07-07 18:20:14 UTC</createdTime>
<generatorID>5A2C1493-FCFA-79E4-2DDE-CBAFA01C3858</generatorID>
<ownerDesignName>ModeloOnTour</ownerDesignName>
<pk>true</pk>
<indexState>Primary Constraint</indexState>
<isSurrogateKey>false</isSurrogateKey>
<indexColumnUsage>
<colUsage columnID="94BE5B9B-BE59-F565-66B8-4C504F0396FA"/>
</indexColumnUsage>
</ind_PK_UK>
<ind_PK_UK id="30F84AC8-988C-1DD9-0B92-E334C67F7D5A" name="Ciudad_Pais_FK">
<createdBy>jose</createdBy>
<createdTime>2019-07-07 18:20:14 UTC</createdTime>
<generatorID>7BE47BAF-D7BB-973D-5D17-D3E627C33790</generatorID>
<ownerDesignName>ModeloOnTour</ownerDesignName>
<indexState>Foreign Key</indexState>
<isSurrogateKey>false</isSurrogateKey>
<indexColumnUsage>
<colUsage columnID="7FEBF288-EDCB-0DF2-64DE-96F76C74E4DB"/>
</indexColumnUsage>
</ind_PK_UK>
</indexes>
</Table>