<?xml version = '1.0' encoding = 'UTF-8'?>
<Table class="oracle.dbtools.crest.model.design.relational.Table" directorySegmentName="seg_0" id="BE996A54-3172-6FB4-47E3-86DC544F2B40" name="Deposito">
<createdBy>jose</createdBy>
<createdTime>2019-07-07 18:20:14 UTC</createdTime>
<generatorID>577046C7-C5B5-FA3B-507F-95ABB07E4E23</generatorID>
<ownerDesignName>ModeloOnTour</ownerDesignName>
<allowColumnReorder>false</allowColumnReorder>
<existDependencyGenerateInDDl>true</existDependencyGenerateInDDl>
<parsed>true</parsed>
<columns itemClass="oracle.dbtools.crest.model.design.relational.Column">
<Column name="IdDeposito" id="C1637D8A-112E-E047-882C-85067F7870CB">
<createdBy>jose</createdBy>
<createdTime>2019-07-07 18:20:14 UTC</createdTime>
<generatorID>0E827628-8A66-85CB-EBA4-6E3A3198EA01</generatorID>
<ownerDesignName>ModeloOnTour</ownerDesignName>
<useDomainConstraints>false</useDomainConstraints>
<use>1</use>
<logicalDatatype>LOGDT019</logicalDatatype>
<ownDataTypeParameters>,,</ownDataTypeParameters>
<autoIncrementCycle>false</autoIncrementCycle>
</Column>
<Column name="FechaDeposito" id="634C6647-FF0E-91DD-382D-6D255BBE026E">
<createdBy>jose</createdBy>
<createdTime>2019-07-07 18:20:14 UTC</createdTime>
<generatorID>D8D325A4-4D7E-BBA8-1D9A-1138BAFFC9B0</generatorID>
<ownerDesignName>ModeloOnTour</ownerDesignName>
<useDomainConstraints>false</useDomainConstraints>
<use>1</use>
<logicalDatatype>LOGDT007</logicalDatatype>
<ownDataTypeParameters>,,</ownDataTypeParameters>
<autoIncrementCycle>false</autoIncrementCycle>
</Column>
<Column name="MontoDeposito" id="882586A6-BED9-37EE-082F-AC491F85DD87">
<createdBy>jose</createdBy>
<createdTime>2019-07-07 18:20:14 UTC</createdTime>
<generatorID>938383A2-8AAD-FE40-8626-E8C7AB33687E</generatorID>
<ownerDesignName>ModeloOnTour</ownerDesignName>
<useDomainConstraints>false</useDomainConstraints>
<use>1</use>
<logicalDatatype>LOGDT019</logicalDatatype>
<ownDataTypeParameters>,,</ownDataTypeParameters>
<autoIncrementCycle>false</autoIncrementCycle>
</Column>
<Column name="Curso_IdCurso" id="1A8B8689-D218-5A02-8D41-B32158AA2D56">
<createdBy>jose</createdBy>
<createdTime>2019-07-07 18:20:14 UTC</createdTime>
<generatorID>27BB9D34-13E4-D399-8841-9148621D3706</generatorID>
<ownerDesignName>ModeloOnTour</ownerDesignName>
<useDomainConstraints>false</useDomainConstraints>
<use>1</use>
<logicalDatatype>LOGDT024</logicalDatatype>
<dataTypeSize>10</dataTypeSize>
<ownDataTypeParameters>,,</ownDataTypeParameters>
<previousColumn>false</previousColumn>
<autoIncrementCycle>false</autoIncrementCycle>
<associations>
<colAssociation fkAssociation="9BDED15D-2E65-6AA2-BF19-7B9813413EE7" referredColumn="86DF7C01-3D3B-ECF3-537A-E9CD182089D7"/>
</associations>
</Column>
<Column name="Apoderado_RutApoderado" id="FCC006AB-0FD3-063D-7118-E124704C15B1">
<createdBy>jose</createdBy>
<createdTime>2019-07-07 18:20:14 UTC</createdTime>
<generatorID>FB1E0C8F-074A-B606-4FE6-8A2B711034A5</generatorID>
<ownerDesignName>ModeloOnTour</ownerDesignName>
<useDomainConstraints>false</useDomainConstraints>
<use>1</use>
<logicalDatatype>LOGDT024</logicalDatatype>
<dataTypeSize>11</dataTypeSize>
<ownDataTypeParameters>,,</ownDataTypeParameters>
<previousColumn>false</previousColumn>
<autoIncrementCycle>false</autoIncrementCycle>
<associations>
<colAssociation fkAssociation="ED1D1F5A-76C8-3AB7-7AAD-225E3D44F30D" referredColumn="7C649671-E66C-251F-0262-C4EDC6EE3529"/>
</associations>
</Column>
</columns>
<indexes itemClass="oracle.dbtools.crest.model.design.relational.Index">
<ind_PK_UK id="E2B81591-F87D-63E6-D8A5-BBBCF6AE197C" name="Deposito_PK">
<createdBy>jose</createdBy>
<createdTime>2019-07-07 18:20:14 UTC</createdTime>
<generatorID>8A27A001-406B-6379-1E55-EC301496EB6A</generatorID>
<ownerDesignName>ModeloOnTour</ownerDesignName>
<pk>true</pk>
<indexState>Primary Constraint</indexState>
<isSurrogateKey>false</isSurrogateKey>
<indexColumnUsage>
<colUsage columnID="C1637D8A-112E-E047-882C-85067F7870CB"/>
</indexColumnUsage>
</ind_PK_UK>
<ind_PK_UK id="C833986F-0B73-DB4F-9C1A-E71EF64915EE" name="Deposito_Apoderado_FK">
<createdBy>jose</createdBy>
<createdTime>2019-07-07 18:20:14 UTC</createdTime>
<generatorID>99C5DA64-F2B0-F8FE-C84D-A141AB5F12F2</generatorID>
<ownerDesignName>ModeloOnTour</ownerDesignName>
<indexState>Foreign Key</indexState>
<isSurrogateKey>false</isSurrogateKey>
<indexColumnUsage>
<colUsage columnID="FCC006AB-0FD3-063D-7118-E124704C15B1"/>
</indexColumnUsage>
</ind_PK_UK>
<ind_PK_UK id="C7A9F7A5-CEB0-3E22-0F19-E5DFF31CC8BD" name="Deposito_Curso_FK">
<createdBy>jose</createdBy>
<createdTime>2019-07-07 18:20:14 UTC</createdTime>
<generatorID>D09BA76E-92D3-4990-1E1C-D854C3D4EC40</generatorID>
<ownerDesignName>ModeloOnTour</ownerDesignName>
<indexState>Foreign Key</indexState>
<isSurrogateKey>false</isSurrogateKey>
<indexColumnUsage>
<colUsage columnID="1A8B8689-D218-5A02-8D41-B32158AA2D56"/>
</indexColumnUsage>
</ind_PK_UK>
</indexes>
</Table>