<?xml version = '1.0' encoding = 'UTF-8'?>
<Table class="oracle.dbtools.crest.model.design.relational.Table" directorySegmentName="seg_0" id="CFEF9CEB-2F64-CEFB-A058-D598148625BF" name="Colegio">
<createdBy>jose</createdBy>
<createdTime>2019-07-07 18:20:14 UTC</createdTime>
<generatorID>24515E81-310A-0E64-7770-4EBC53756C9D</generatorID>
<ownerDesignName>ModeloOnTour</ownerDesignName>
<allowColumnReorder>false</allowColumnReorder>
<existDependencyGenerateInDDl>true</existDependencyGenerateInDDl>
<parsed>true</parsed>
<columns itemClass="oracle.dbtools.crest.model.design.relational.Column">
<Column name="CodColegio" id="295050A0-E14D-D356-BDA8-A66139D7CC14">
<createdBy>jose</createdBy>
<createdTime>2019-07-07 18:20:14 UTC</createdTime>
<generatorID>D0A8C3F3-0030-56CD-19BA-EB203FE9A685</generatorID>
<ownerDesignName>ModeloOnTour</ownerDesignName>
<useDomainConstraints>false</useDomainConstraints>
<use>1</use>
<logicalDatatype>LOGDT024</logicalDatatype>
<dataTypeSize>10</dataTypeSize>
<ownDataTypeParameters>10,,</ownDataTypeParameters>
<autoIncrementCycle>false</autoIncrementCycle>
</Column>
<Column name="Nombre" id="D0A11314-5D10-BEC7-04A9-848B7303C935">
<createdBy>jose</createdBy>
<createdTime>2019-07-07 18:20:14 UTC</createdTime>
<generatorID>51102ECC-63C2-C301-511C-A5AA3C88EB57</generatorID>
<ownerDesignName>ModeloOnTour</ownerDesignName>
<useDomainConstraints>false</useDomainConstraints>
<use>1</use>
<logicalDatatype>LOGDT024</logicalDatatype>
<dataTypeSize>50</dataTypeSize>
<ownDataTypeParameters>50,,</ownDataTypeParameters>
<autoIncrementCycle>false</autoIncrementCycle>
</Column>
<Column name="Direccion" id="E3ADEE09-6412-5C5A-375F-1F12638ACB24">
<createdBy>jose</createdBy>
<createdTime>2019-07-07 18:20:14 UTC</createdTime>
<generatorID>8638A19E-A6DD-8D50-DB68-A366526BD9F5</generatorID>
<ownerDesignName>ModeloOnTour</ownerDesignName>
<useDomainConstraints>false</useDomainConstraints>
<use>1</use>
<logicalDatatype>LOGDT024</logicalDatatype>
<dataTypeSize>50</dataTypeSize>
<ownDataTypeParameters>50,,</ownDataTypeParameters>
<autoIncrementCycle>false</autoIncrementCycle>
</Column>
<Column name="TipCole_idTipo" id="1E53D8EE-DBAC-3942-4BE9-9A31C483ADF3">
<createdBy>jose</createdBy>
<createdTime>2019-07-07 18:20:14 UTC</createdTime>
<generatorID>8D1E9228-6D58-E6EF-9184-C68B1C437497</generatorID>
<ownerDesignName>ModeloOnTour</ownerDesignName>
<useDomainConstraints>false</useDomainConstraints>
<use>1</use>
<logicalDatatype>LOGDT019</logicalDatatype>
<ownDataTypeParameters>,,</ownDataTypeParameters>
<previousColumn>false</previousColumn>
<autoIncrementCycle>false</autoIncrementCycle>
<associations>
<colAssociation fkAssociation="F246042A-F2B6-B9FF-A4A2-CA8DA4641609" referredColumn="200E4DA6-4AF2-A181-A0C7-A6359457210A"/>
</associations>
</Column>
</columns>
<indexes itemClass="oracle.dbtools.crest.model.design.relational.Index">
<ind_PK_UK id="C2912FFA-6766-1263-1206-526F768F177E" name="Colegio_PK">
<createdBy>jose</createdBy>
<createdTime>2019-07-07 18:20:14 UTC</createdTime>
<generatorID>B91793EA-9EE7-8C43-0124-4B88920F7463</generatorID>
<ownerDesignName>ModeloOnTour</ownerDesignName>
<pk>true</pk>
<indexState>Primary Constraint</indexState>
<isSurrogateKey>false</isSurrogateKey>
<indexColumnUsage>
<colUsage columnID="295050A0-E14D-D356-BDA8-A66139D7CC14"/>
</indexColumnUsage>
</ind_PK_UK>
<ind_PK_UK id="AFD7B501-C7C6-2C57-BB91-640FE2E0D9CF" name="Colegio_TipCole_FK">
<createdBy>jose</createdBy>
<createdTime>2019-07-07 18:20:14 UTC</createdTime>
<generatorID>A0C98746-895D-60C6-6C59-D376CE1A45C5</generatorID>
<ownerDesignName>ModeloOnTour</ownerDesignName>
<indexState>Foreign Key</indexState>
<isSurrogateKey>false</isSurrogateKey>
<indexColumnUsage>
<colUsage columnID="1E53D8EE-DBAC-3942-4BE9-9A31C483ADF3"/>
</indexColumnUsage>
</ind_PK_UK>
</indexes>
</Table>