<?xml version = '1.0' encoding = 'UTF-8'?>
<Table class="oracle.dbtools.crest.model.design.relational.Table" directorySegmentName="seg_0" id="DF610D40-40A9-D48E-6496-DCA2666AACD5" name="Detalle_Seguro">
<createdBy>jose</createdBy>
<createdTime>2019-07-07 18:20:14 UTC</createdTime>
<generatorID>E0F0EADC-439A-5A29-C55A-6494C7ED8B5B</generatorID>
<ownerDesignName>ModeloOnTour</ownerDesignName>
<allowColumnReorder>false</allowColumnReorder>
<existDependencyGenerateInDDl>true</existDependencyGenerateInDDl>
<parsed>true</parsed>
<columns itemClass="oracle.dbtools.crest.model.design.relational.Column">
<Column name="IdDetSeg" id="4D7F9EFE-9051-98CE-E0A4-C4C2EA895EAE">
<createdBy>jose</createdBy>
<createdTime>2019-07-07 18:20:14 UTC</createdTime>
<generatorID>2301A96A-D413-03CC-2BFB-6E69E5ECC983</generatorID>
<ownerDesignName>ModeloOnTour</ownerDesignName>
<useDomainConstraints>false</useDomainConstraints>
<use>1</use>
<logicalDatatype>LOGDT019</logicalDatatype>
<ownDataTypeParameters>,,</ownDataTypeParameters>
<autoIncrementCycle>false</autoIncrementCycle>
</Column>
<Column name="Cant_Seguros" id="658428C5-0D02-9DF8-0737-26EAD4DE6F90">
<createdBy>jose</createdBy>
<createdTime>2019-07-07 18:20:14 UTC</createdTime>
<generatorID>C85B1685-0B30-D302-94F7-60CB943C2557</generatorID>
<ownerDesignName>ModeloOnTour</ownerDesignName>
<useDomainConstraints>false</useDomainConstraints>
<use>1</use>
<logicalDatatype>LOGDT019</logicalDatatype>
<ownDataTypeParameters>,,</ownDataTypeParameters>
<autoIncrementCycle>false</autoIncrementCycle>
</Column>
<Column name="Seguro_IdSeguro" id="CC137BE3-E701-BEDB-4B8B-7F7B61C4164C">
<createdBy>jose</createdBy>
<createdTime>2019-07-07 18:20:14 UTC</createdTime>
<generatorID>4147F307-52C1-D31E-DE37-C5F1EC85DF62</generatorID>
<ownerDesignName>ModeloOnTour</ownerDesignName>
<useDomainConstraints>false</useDomainConstraints>
<use>1</use>
<logicalDatatype>LOGDT019</logicalDatatype>
<ownDataTypeParameters>,,</ownDataTypeParameters>
<previousColumn>false</previousColumn>
<autoIncrementCycle>false</autoIncrementCycle>
<associations>
<colAssociation fkAssociation="3D5E3C06-AE45-3AA5-E4E1-14C3523E4913" referredColumn="26DC4C86-E3DA-378D-6DB4-D953CC78A2A9"/>
</associations>
</Column>
<Column name="Contrato_NumContrato" id="7CE382F5-967D-D499-5836-8F0811C0ED41">
<createdBy>jose</createdBy>
<createdTime>2019-07-07 18:20:14 UTC</createdTime>
<generatorID>B41AAA64-B4B9-C286-3061-2E672933FE84</generatorID>
<ownerDesignName>ModeloOnTour</ownerDesignName>
<useDomainConstraints>false</useDomainConstraints>
<use>1</use>
<logicalDatatype>LOGDT019</logicalDatatype>
<ownDataTypeParameters>,,</ownDataTypeParameters>
<previousColumn>false</previousColumn>
<autoIncrementCycle>false</autoIncrementCycle>
<associations>
<colAssociation fkAssociation="ABD3EFEA-8D3A-E5F6-A2BA-665C7C73E92D" referredColumn="AE08761C-D05A-BD5E-ABDE-C9D51C3948FB"/>
</associations>
</Column>
</columns>
<indexes itemClass="oracle.dbtools.crest.model.design.relational.Index">
<ind_PK_UK id="82C1DD37-AC4D-49BA-DCAE-40B5E4131233" name="Detalle_Seguro_PK">
<createdBy>jose</createdBy>
<createdTime>2019-07-07 18:20:14 UTC</createdTime>
<generatorID>41ACC2F2-7BAB-66E1-020B-DA4D52F707BF</generatorID>
<ownerDesignName>ModeloOnTour</ownerDesignName>
<pk>true</pk>
<indexState>Primary Constraint</indexState>
<isSurrogateKey>false</isSurrogateKey>
<indexColumnUsage>
<colUsage columnID="4D7F9EFE-9051-98CE-E0A4-C4C2EA895EAE"/>
</indexColumnUsage>
</ind_PK_UK>
<ind_PK_UK id="600D8900-D893-DA6A-5813-95980ABB2890" name="Detalle_Seguro_Contrato_FK">
<createdBy>jose</createdBy>
<createdTime>2019-07-07 18:20:14 UTC</createdTime>
<generatorID>64324188-7A4E-5EE5-4B63-25CD2FBA847F</generatorID>
<ownerDesignName>ModeloOnTour</ownerDesignName>
<indexState>Foreign Key</indexState>
<isSurrogateKey>false</isSurrogateKey>
<indexColumnUsage>
<colUsage columnID="7CE382F5-967D-D499-5836-8F0811C0ED41"/>
</indexColumnUsage>
</ind_PK_UK>
<ind_PK_UK id="B1948566-A8AD-6571-D0C0-70EC38400D76" name="Detalle_Seguro_Seguro_FK">
<createdBy>jose</createdBy>
<createdTime>2019-07-07 18:20:14 UTC</createdTime>
<generatorID>4AC9718A-2A9F-8FB2-BAA0-B53C9387B9A6</generatorID>
<ownerDesignName>ModeloOnTour</ownerDesignName>
<indexState>Foreign Key</indexState>
<isSurrogateKey>false</isSurrogateKey>
<indexColumnUsage>
<colUsage columnID="CC137BE3-E701-BEDB-4B8B-7F7B61C4164C"/>
</indexColumnUsage>
</ind_PK_UK>
</indexes>
</Table>