<?xml version = '1.0' encoding = 'UTF-8'?>
<Table class="oracle.dbtools.crest.model.design.relational.Table" directorySegmentName="seg_0" id="F9F5F7E8-99EB-B1FE-B1C2-A14670344442" name="Apoderado">
<createdBy>jose</createdBy>
<createdTime>2019-07-07 18:20:14 UTC</createdTime>
<generatorID>95E3E3F8-D32E-73A8-2ED8-486E53713F92</generatorID>
<ownerDesignName>ModeloOnTour</ownerDesignName>
<allowColumnReorder>false</allowColumnReorder>
<existDependencyGenerateInDDl>true</existDependencyGenerateInDDl>
<parsed>true</parsed>
<columns itemClass="oracle.dbtools.crest.model.design.relational.Column">
<Column name="RutApoderado" id="7C649671-E66C-251F-0262-C4EDC6EE3529">
<createdBy>jose</createdBy>
<createdTime>2019-07-07 18:20:14 UTC</createdTime>
<generatorID>6FF75F98-13DB-6AE2-3AB8-DFEBC49E71B1</generatorID>
<ownerDesignName>ModeloOnTour</ownerDesignName>
<useDomainConstraints>false</useDomainConstraints>
<use>1</use>
<logicalDatatype>LOGDT024</logicalDatatype>
<dataTypeSize>11</dataTypeSize>
<ownDataTypeParameters>11,,</ownDataTypeParameters>
<autoIncrementCycle>false</autoIncrementCycle>
</Column>
<Column name="Nombre" id="7BAFC843-AB64-BDD4-898F-62A3148927B3">
<createdBy>jose</createdBy>
<createdTime>2019-07-07 18:20:14 UTC</createdTime>
<generatorID>E30BB3AE-E82E-EE33-F3C7-5CC7CCE2CE3E</generatorID>
<ownerDesignName>ModeloOnTour</ownerDesignName>
<useDomainConstraints>false</useDomainConstraints>
<use>1</use>
<logicalDatatype>LOGDT024</logicalDatatype>
<dataTypeSize>30</dataTypeSize>
<ownDataTypeParameters>30,,</ownDataTypeParameters>
<autoIncrementCycle>false</autoIncrementCycle>
</Column>
<Column name="Apaterno" id="B1C5E350-9BC1-58C4-874C-A107C3B5EA98">
<createdBy>jose</createdBy>
<createdTime>2019-07-07 18:20:14 UTC</createdTime>
<generatorID>4DCE6D41-AD0A-80E7-DC52-B6A5E8950A8B</generatorID>
<ownerDesignName>ModeloOnTour</ownerDesignName>
<useDomainConstraints>false</useDomainConstraints>
<use>1</use>
<logicalDatatype>LOGDT024</logicalDatatype>
<dataTypeSize>30</dataTypeSize>
<ownDataTypeParameters>30,,</ownDataTypeParameters>
<autoIncrementCycle>false</autoIncrementCycle>
</Column>
<Column name="Amaterno" id="22ADD3B8-0E3C-1AF4-9044-F10F5FAA5350">
<createdBy>jose</createdBy>
<createdTime>2019-07-07 18:20:14 UTC</createdTime>
<generatorID>880274D8-3552-658B-9220-69825DB08325</generatorID>
<ownerDesignName>ModeloOnTour</ownerDesignName>
<useDomainConstraints>false</useDomainConstraints>
<use>1</use>
<logicalDatatype>LOGDT024</logicalDatatype>
<dataTypeSize>30</dataTypeSize>
<ownDataTypeParameters>30,,</ownDataTypeParameters>
<autoIncrementCycle>false</autoIncrementCycle>
</Column>
<Column name="Direccion" id="B3740B39-1105-9444-8E40-827B0AA0645B">
<createdBy>jose</createdBy>
<createdTime>2019-07-07 18:20:14 UTC</createdTime>
<generatorID>1F82521C-38AE-1D86-FC29-082FA4162C00</generatorID>
<ownerDesignName>ModeloOnTour</ownerDesignName>
<useDomainConstraints>false</useDomainConstraints>
<use>1</use>
<logicalDatatype>LOGDT024</logicalDatatype>
<dataTypeSize>30</dataTypeSize>
<ownDataTypeParameters>30,,</ownDataTypeParameters>
<autoIncrementCycle>false</autoIncrementCycle>
</Column>
<Column name="Email" id="C28A12F5-8A64-0003-AE7B-E31DCC21DFA7">
<createdBy>jose</createdBy>
<createdTime>2019-07-07 18:20:14 UTC</createdTime>
<generatorID>D82BACF4-C8D9-B758-7F6B-8157C93C7DA8</generatorID>
<ownerDesignName>ModeloOnTour</ownerDesignName>
<useDomainConstraints>false</useDomainConstraints>
<use>1</use>
<logicalDatatype>LOGDT024</logicalDatatype>
<dataTypeSize>40</dataTypeSize>
<ownDataTypeParameters>40,,</ownDataTypeParameters>
<autoIncrementCycle>false</autoIncrementCycle>
</Column>
</columns>
<indexes itemClass="oracle.dbtools.crest.model.design.relational.Index">
<ind_PK_UK id="B4FA890E-B402-A28F-828B-2B619D6A05DD" name="Apoderado_PK">
<createdBy>jose</createdBy>
<createdTime>2019-07-07 18:20:14 UTC</createdTime>
<generatorID>E369D0BE-EE89-EE6B-CE0C-B202126AC9F2</generatorID>
<ownerDesignName>ModeloOnTour</ownerDesignName>
<pk>true</pk>
<indexState>Primary Constraint</indexState>
<isSurrogateKey>false</isSurrogateKey>
<indexColumnUsage>
<colUsage columnID="7C649671-E66C-251F-0262-C4EDC6EE3529"/>
</indexColumnUsage>
</ind_PK_UK>
</indexes>
</Table>