<?xml version = '1.0' encoding = 'UTF-8'?>
<Entity class="oracle.dbtools.crest.model.design.logical.Entity" directorySegmentName="seg_0" id="2F82BEFD-080B-E97D-6F4E-FC803DD546F9" name="Empresa_Seguros">
<createdBy>jose</createdBy>
<createdTime>2019-05-14 12:12:44 UTC</createdTime>
<ownerDesignName>Modelo OnTour</ownerDesignName>
<engineerTo>
<item key="08B88EAC-5B92-EED9-4254-04694DE2B260" value="true"/>
</engineerTo>
<adequatelyNormalized>NO</adequatelyNormalized>
<expectedVolumes>0</expectedVolumes>
<fwdEngineeringStrategyName>Single Table</fwdEngineeringStrategyName>
<growthPercent>0</growthPercent>
<growthType>Year</growthType>
<maxVolumes>9999999</maxVolumes>
<minVolumes>0</minVolumes>
<normalForm>Third</normalForm>
<attributes itemClass="oracle.dbtools.crest.model.design.logical.Attribute">
<Attribute name="rut_emp" id="DC503B92-7624-C656-6FEB-941E4B4B1C18">
<createdBy>jose</createdBy>
<createdTime>2019-05-14 12:12:53 UTC</createdTime>
<ownerDesignName>Modelo OnTour</ownerDesignName>
<engineerTo>
<item key="08B88EAC-5B92-EED9-4254-04694DE2B260" value="true"/>
</engineerTo>
<useDomainConstraints>false</useDomainConstraints>
<use>1</use>
<logicalDatatype>LOGDT024</logicalDatatype>
<dataTypeSize>11</dataTypeSize>
<ownDataTypeParameters>11,,</ownDataTypeParameters>
</Attribute>
<Attribute name="Nombre" id="BDD11A73-BCFE-88DE-2221-AE5D3290716D">
<createdBy>jose</createdBy>
<createdTime>2019-05-14 12:13:09 UTC</createdTime>
<ownerDesignName>Modelo OnTour</ownerDesignName>
<engineerTo>
<item key="08B88EAC-5B92-EED9-4254-04694DE2B260" value="true"/>
</engineerTo>
<useDomainConstraints>false</useDomainConstraints>
<use>1</use>
<logicalDatatype>LOGDT024</logicalDatatype>
<dataTypeSize>50</dataTypeSize>
<ownDataTypeParameters>50,,</ownDataTypeParameters>
</Attribute>
<Attribute name="Direccion" id="07EB411B-FF7C-537E-3AE7-BCC51214ED10">
<createdBy>jose</createdBy>
<createdTime>2019-05-14 12:13:22 UTC</createdTime>
<ownerDesignName>Modelo OnTour</ownerDesignName>
<engineerTo>
<item key="08B88EAC-5B92-EED9-4254-04694DE2B260" value="true"/>
</engineerTo>
<useDomainConstraints>false</useDomainConstraints>
<use>1</use>
<logicalDatatype>LOGDT024</logicalDatatype>
<dataTypeSize>50</dataTypeSize>
<ownDataTypeParameters>50,,</ownDataTypeParameters>
</Attribute>
</attributes>
<identifiers itemClass="oracle.dbtools.crest.model.design.logical.CandidateKey">
<identifier id="AABE65AD-EBB8-81D2-BA43-D7BEE4967523" name="Empresa_Seguros PK">
<createdBy>jose</createdBy>
<createdTime>2019-05-14 12:13:08 UTC</createdTime>
<ownerDesignName>Modelo OnTour</ownerDesignName>
<engineerTo>
<item key="08B88EAC-5B92-EED9-4254-04694DE2B260" value="true"/>
</engineerTo>
<pk>true</pk>
<usedAttributes>
<attributeRef>DC503B92-7624-C656-6FEB-941E4B4B1C18</attributeRef>
</usedAttributes>
</identifier>
</identifiers>
</Entity>