<?xml version = '1.0' encoding = 'UTF-8'?>
<Entity class="oracle.dbtools.crest.model.design.logical.Entity" directorySegmentName="seg_0" id="59F7D8AA-C930-A062-8B4A-CF24F859B299" name="REG_PAGO">
<createdBy>jose</createdBy>
<createdTime>2019-05-14 12:07:59 UTC</createdTime>
<ownerDesignName>Modelo OnTour</ownerDesignName>
<engineerTo>
<item key="08B88EAC-5B92-EED9-4254-04694DE2B260" value="true"/>
</engineerTo>
<adequatelyNormalized>NO</adequatelyNormalized>
<expectedVolumes>0</expectedVolumes>
<fwdEngineeringStrategyName>Single Table</fwdEngineeringStrategyName>
<growthPercent>0</growthPercent>
<growthType>Year</growthType>
<maxVolumes>9999999</maxVolumes>
<minVolumes>0</minVolumes>
<normalForm>Third</normalForm>
<attributes itemClass="oracle.dbtools.crest.model.design.logical.Attribute">
<Attribute name="Cod_Reg_Pago" id="2970360F-6140-0C8E-E234-4D006F26FDCC">
<createdBy>jose</createdBy>
<createdTime>2019-05-14 12:08:05 UTC</createdTime>
<ownerDesignName>Modelo OnTour</ownerDesignName>
<engineerTo>
<item key="08B88EAC-5B92-EED9-4254-04694DE2B260" value="true"/>
</engineerTo>
<useDomainConstraints>false</useDomainConstraints>
<use>1</use>
<logicalDatatype>LOGDT024</logicalDatatype>
<dataTypeSize>11</dataTypeSize>
<ownDataTypeParameters>11,,</ownDataTypeParameters>
</Attribute>
<Attribute name="Fecha_deposito" id="37F77589-8669-A90C-F338-7D281FAD521D">
<createdBy>jose</createdBy>
<createdTime>2019-05-14 12:09:23 UTC</createdTime>
<ownerDesignName>Modelo OnTour</ownerDesignName>
<engineerTo>
<item key="08B88EAC-5B92-EED9-4254-04694DE2B260" value="true"/>
</engineerTo>
<useDomainConstraints>false</useDomainConstraints>
<use>1</use>
<logicalDatatype>LOGDT008</logicalDatatype>
<ownDataTypeParameters>,,</ownDataTypeParameters>
</Attribute>
<Attribute name="Monto_despositado" id="077A75D6-6FF2-7C5F-6480-C67ED30B572F">
<createdBy>jose</createdBy>
<createdTime>2019-05-14 12:09:46 UTC</createdTime>
<ownerDesignName>Modelo OnTour</ownerDesignName>
<engineerTo>
<item key="08B88EAC-5B92-EED9-4254-04694DE2B260" value="true"/>
</engineerTo>
<useDomainConstraints>false</useDomainConstraints>
<use>1</use>
<logicalDatatype>LOGDT019</logicalDatatype>
<ownDataTypeParameters>,,</ownDataTypeParameters>
</Attribute>
<Attribute name="Rut" id="1A530F9B-5D95-C7B5-BF30-248611AF160A">
<createdBy>jose</createdBy>
<createdTime>2019-05-14 12:11:01 UTC</createdTime>
<generatorID>61A09E47-EC48-72A1-642E-724C4985B9BB</generatorID>
<ownerDesignName>Modelo OnTour</ownerDesignName>
<engineerTo>
<item key="08B88EAC-5B92-EED9-4254-04694DE2B260" value="true"/>
</engineerTo>
<referedAttribute>0C38023D-B9E6-15D0-06D5-B317D184E95E</referedAttribute>
<useDomainConstraints>false</useDomainConstraints>
<use>1</use>
<logicalDatatype>LOGDT024</logicalDatatype>
<dataTypeSize>11</dataTypeSize>
<ownDataTypeParameters>,,</ownDataTypeParameters>
</Attribute>
</attributes>
<identifiers itemClass="oracle.dbtools.crest.model.design.logical.CandidateKey">
<identifier id="99A5A814-1C7F-617F-E507-4FEEFC1DB5D1" name="REG_PAGO PK">
<createdBy>jose</createdBy>
<createdTime>2019-05-14 12:08:33 UTC</createdTime>
<ownerDesignName>Modelo OnTour</ownerDesignName>
<engineerTo>
<item key="08B88EAC-5B92-EED9-4254-04694DE2B260" value="true"/>
</engineerTo>
<pk>true</pk>
<usedAttributes>
<attributeRef>2970360F-6140-0C8E-E234-4D006F26FDCC</attributeRef>
<attributeRef>1A530F9B-5D95-C7B5-BF30-248611AF160A</attributeRef>
</usedAttributes>
</identifier>
</identifiers>
</Entity>