<?xml version = '1.0' encoding = 'UTF-8'?>
<Entity class="oracle.dbtools.crest.model.design.logical.Entity" directorySegmentName="seg_0" id="66FE8071-6EFF-1487-D724-0859DD7F6377" name="COLEGIO">
<createdBy>jose</createdBy>
<createdTime>2019-05-14 02:18:48 UTC</createdTime>
<ownerDesignName>Modelo OnTour</ownerDesignName>
<engineerTo>
<item key="08B88EAC-5B92-EED9-4254-04694DE2B260" value="true"/>
</engineerTo>
<adequatelyNormalized>NO</adequatelyNormalized>
<expectedVolumes>0</expectedVolumes>
<fwdEngineeringStrategyName>Single Table</fwdEngineeringStrategyName>
<growthPercent>0</growthPercent>
<growthType>Year</growthType>
<maxVolumes>9999999</maxVolumes>
<minVolumes>0</minVolumes>
<normalForm>Third</normalForm>
<attributes itemClass="oracle.dbtools.crest.model.design.logical.Attribute">
<Attribute name="CodColegio" id="BE10A194-37D4-AB59-E636-0558B1F02DB6">
<createdBy>jose</createdBy>
<createdTime>2019-05-14 02:21:53 UTC</createdTime>
<ownerDesignName>Modelo OnTour</ownerDesignName>
<engineerTo>
<item key="08B88EAC-5B92-EED9-4254-04694DE2B260" value="true"/>
</engineerTo>
<useDomainConstraints>false</useDomainConstraints>
<use>1</use>
<logicalDatatype>LOGDT024</logicalDatatype>
<dataTypeSize>25</dataTypeSize>
<ownDataTypeParameters>25,,</ownDataTypeParameters>
</Attribute>
<Attribute name="Nombre" id="87F8A045-8E5A-22BB-3ECF-7D293BCA6059">
<createdBy>jose</createdBy>
<createdTime>2019-05-14 02:25:56 UTC</createdTime>
<ownerDesignName>Modelo OnTour</ownerDesignName>
<engineerTo>
<item key="08B88EAC-5B92-EED9-4254-04694DE2B260" value="true"/>
</engineerTo>
<useDomainConstraints>false</useDomainConstraints>
<use>1</use>
<logicalDatatype>LOGDT024</logicalDatatype>
<dataTypeSize>50</dataTypeSize>
<ownDataTypeParameters>50,,</ownDataTypeParameters>
</Attribute>
<Attribute name="Direccion" id="78B57790-F61B-A040-B9D4-41091A31F26A">
<createdBy>jose</createdBy>
<createdTime>2019-05-14 02:28:08 UTC</createdTime>
<ownerDesignName>Modelo OnTour</ownerDesignName>
<engineerTo>
<item key="08B88EAC-5B92-EED9-4254-04694DE2B260" value="true"/>
</engineerTo>
<useDomainConstraints>false</useDomainConstraints>
<use>1</use>
<logicalDatatype>LOGDT024</logicalDatatype>
<dataTypeSize>50</dataTypeSize>
<ownDataTypeParameters>50,,</ownDataTypeParameters>
</Attribute>
<Attribute name="CodTipo" id="DD532559-EB69-6538-EDA4-DD9410135B52">
<createdBy>jose</createdBy>
<createdTime>2019-05-14 08:15:21 UTC</createdTime>
<generatorID>9801E110-2AE0-36BA-77C8-EFF88F7CF395</generatorID>
<ownerDesignName>Modelo OnTour</ownerDesignName>
<engineerTo>
<item key="08B88EAC-5B92-EED9-4254-04694DE2B260" value="true"/>
</engineerTo>
<referedAttribute>82F6AC87-0E53-D39A-B62C-EB745737F374</referedAttribute>
<useDomainConstraints>false</useDomainConstraints>
<use>1</use>
<logicalDatatype>LOGDT024</logicalDatatype>
<dataTypeSize>11</dataTypeSize>
<ownDataTypeParameters>,,</ownDataTypeParameters>
</Attribute>
</attributes>
<identifiers itemClass="oracle.dbtools.crest.model.design.logical.CandidateKey">
<identifier id="4C106ABD-7D0A-CA5A-C82E-31F13B0FC93F" name="COLEGIO PK">
<createdBy>jose</createdBy>
<createdTime>2019-05-14 02:25:53 UTC</createdTime>
<ownerDesignName>Modelo OnTour</ownerDesignName>
<engineerTo>
<item key="08B88EAC-5B92-EED9-4254-04694DE2B260" value="true"/>
</engineerTo>
<pk>true</pk>
<usedAttributes>
<attributeRef>BE10A194-37D4-AB59-E636-0558B1F02DB6</attributeRef>
<attributeRef>DD532559-EB69-6538-EDA4-DD9410135B52</attributeRef>
</usedAttributes>
</identifier>
</identifiers>
</Entity>