<?xml version = '1.0' encoding = 'UTF-8'?>
<Entity class="oracle.dbtools.crest.model.design.logical.Entity" directorySegmentName="seg_0" id="849134E6-CEAE-AE98-2A04-47D8CA68BD2D" name="ALUMNO">
<createdBy>jose</createdBy>
<createdTime>2019-05-14 03:41:58 UTC</createdTime>
<ownerDesignName>Modelo OnTour</ownerDesignName>
<engineerTo>
<item key="08B88EAC-5B92-EED9-4254-04694DE2B260" value="true"/>
</engineerTo>
<adequatelyNormalized>NO</adequatelyNormalized>
<expectedVolumes>0</expectedVolumes>
<fwdEngineeringStrategyName>Single Table</fwdEngineeringStrategyName>
<growthPercent>0</growthPercent>
<growthType>Year</growthType>
<maxVolumes>9999999</maxVolumes>
<minVolumes>0</minVolumes>
<normalForm>Third</normalForm>
<attributes itemClass="oracle.dbtools.crest.model.design.logical.Attribute">
<Attribute name="RutAlum" id="CC6E15A5-9123-AC78-7CAC-8D4BE30B9E3F">
<createdBy>jose</createdBy>
<createdTime>2019-05-14 03:42:06 UTC</createdTime>
<ownerDesignName>Modelo OnTour</ownerDesignName>
<engineerTo>
<item key="08B88EAC-5B92-EED9-4254-04694DE2B260" value="true"/>
</engineerTo>
<useDomainConstraints>false</useDomainConstraints>
<use>1</use>
<logicalDatatype>LOGDT024</logicalDatatype>
<dataTypeSize>11</dataTypeSize>
<ownDataTypeParameters>11,,</ownDataTypeParameters>
</Attribute>
<Attribute name="Nombre" id="F2A07605-AA0F-5977-B4E0-39320BBE8FB4">
<createdBy>jose</createdBy>
<createdTime>2019-05-14 03:42:49 UTC</createdTime>
<ownerDesignName>Modelo OnTour</ownerDesignName>
<engineerTo>
<item key="08B88EAC-5B92-EED9-4254-04694DE2B260" value="true"/>
</engineerTo>
<useDomainConstraints>false</useDomainConstraints>
<use>1</use>
<logicalDatatype>LOGDT024</logicalDatatype>
<dataTypeSize>50</dataTypeSize>
<ownDataTypeParameters>50,,</ownDataTypeParameters>
</Attribute>
<Attribute name="Apaterno" id="EA937F7D-6C09-0D08-876A-CCF0F83F5BA8">
<createdBy>jose</createdBy>
<createdTime>2019-05-14 03:43:04 UTC</createdTime>
<ownerDesignName>Modelo OnTour</ownerDesignName>
<engineerTo>
<item key="08B88EAC-5B92-EED9-4254-04694DE2B260" value="true"/>
</engineerTo>
<useDomainConstraints>false</useDomainConstraints>
<use>1</use>
<logicalDatatype>LOGDT024</logicalDatatype>
<dataTypeSize>50</dataTypeSize>
<ownDataTypeParameters>50,,</ownDataTypeParameters>
</Attribute>
<Attribute name="Amaterno" id="15B704BD-6E5E-3CE1-97F9-CB94C1A049C0">
<createdBy>jose</createdBy>
<createdTime>2019-05-14 03:43:16 UTC</createdTime>
<ownerDesignName>Modelo OnTour</ownerDesignName>
<engineerTo>
<item key="08B88EAC-5B92-EED9-4254-04694DE2B260" value="true"/>
</engineerTo>
<useDomainConstraints>false</useDomainConstraints>
<use>1</use>
<logicalDatatype>LOGDT024</logicalDatatype>
<dataTypeSize>50</dataTypeSize>
<ownDataTypeParameters>50,,</ownDataTypeParameters>
</Attribute>
<Attribute name="Direccion" id="31EC28F7-06EF-FDEB-AEC3-20E6AB1C69FB">
<createdBy>jose</createdBy>
<createdTime>2019-05-14 03:43:32 UTC</createdTime>
<ownerDesignName>Modelo OnTour</ownerDesignName>
<engineerTo>
<item key="08B88EAC-5B92-EED9-4254-04694DE2B260" value="true"/>
</engineerTo>
<useDomainConstraints>false</useDomainConstraints>
<use>1</use>
<logicalDatatype>LOGDT024</logicalDatatype>
<dataTypeSize>50</dataTypeSize>
<ownDataTypeParameters>50,,</ownDataTypeParameters>
</Attribute>
<Attribute name="RutApo" id="DD832BE5-73FB-185B-F3C0-1B853186BFDE">
<createdBy>jose</createdBy>
<createdTime>2019-05-14 05:37:11 UTC</createdTime>
<generatorID>91E74C52-EC95-1F05-6E7F-20251F35D0AD</generatorID>
<ownerDesignName>Modelo OnTour</ownerDesignName>
<engineerTo>
<item key="08B88EAC-5B92-EED9-4254-04694DE2B260" value="true"/>
</engineerTo>
<referedAttribute>F6E8952D-4B6B-6C26-B3DA-DF36E3D25FE0</referedAttribute>
<useDomainConstraints>false</useDomainConstraints>
<use>1</use>
<logicalDatatype>LOGDT024</logicalDatatype>
<dataTypeSize>11</dataTypeSize>
<ownDataTypeParameters>,,</ownDataTypeParameters>
</Attribute>
<Attribute name="CodCurso" id="A4740D75-B652-78B9-E53A-0484CF73BA99">
<createdBy>jose</createdBy>
<createdTime>2019-05-14 05:44:02 UTC</createdTime>
<generatorID>E34F67AA-8BB8-E9A9-E0C2-6924F0B8CDD8</generatorID>
<ownerDesignName>Modelo OnTour</ownerDesignName>
<engineerTo>
<item key="08B88EAC-5B92-EED9-4254-04694DE2B260" value="true"/>
</engineerTo>
<referedAttribute>613E01BD-03E1-8ECF-C560-62DE396B2A6C</referedAttribute>
<useDomainConstraints>false</useDomainConstraints>
<use>1</use>
<logicalDatatype>LOGDT024</logicalDatatype>
<dataTypeSize>20</dataTypeSize>
<ownDataTypeParameters>,,</ownDataTypeParameters>
</Attribute>
<Attribute name="CodColegio" id="30FB147F-F552-821E-2CFE-6D98917F1EBA">
<createdBy>jose</createdBy>
<createdTime>2019-05-14 05:44:02 UTC</createdTime>
<generatorID>E34F67AA-8BB8-E9A9-E0C2-6924F0B8CDD8</generatorID>
<ownerDesignName>Modelo OnTour</ownerDesignName>
<engineerTo>
<item key="08B88EAC-5B92-EED9-4254-04694DE2B260" value="true"/>
</engineerTo>
<referedAttribute>8A630F43-4D52-C800-D2EA-2CA893675E78</referedAttribute>
<useDomainConstraints>false</useDomainConstraints>
<use>1</use>
<logicalDatatype>LOGDT024</logicalDatatype>
<dataTypeSize>25</dataTypeSize>
<ownDataTypeParameters>,,</ownDataTypeParameters>
</Attribute>
<Attribute name="CodTipo" id="D8FDC79F-1084-E156-6207-BAEBF38795F7">
<createdBy>jose</createdBy>
<createdTime>2019-05-14 08:15:21 UTC</createdTime>
<generatorID>E34F67AA-8BB8-E9A9-E0C2-6924F0B8CDD8</generatorID>
<ownerDesignName>Modelo OnTour</ownerDesignName>
<engineerTo>
<item key="08B88EAC-5B92-EED9-4254-04694DE2B260" value="true"/>
</engineerTo>
<referedAttribute>D581178F-7D71-691A-3969-89B866EDF734</referedAttribute>
<useDomainConstraints>false</useDomainConstraints>
<use>1</use>
<logicalDatatype>LOGDT024</logicalDatatype>
<dataTypeSize>11</dataTypeSize>
<ownDataTypeParameters>,,</ownDataTypeParameters>
</Attribute>
</attributes>
<identifiers itemClass="oracle.dbtools.crest.model.design.logical.CandidateKey">
<identifier id="1BE6167F-82C1-3452-07BF-C354F7D69ADD" name="ALUMNO PK">
<createdBy>jose</createdBy>
<createdTime>2019-05-14 03:42:24 UTC</createdTime>
<ownerDesignName>Modelo OnTour</ownerDesignName>
<engineerTo>
<item key="08B88EAC-5B92-EED9-4254-04694DE2B260" value="true"/>
</engineerTo>
<pk>true</pk>
<usedAttributes>
<attributeRef>CC6E15A5-9123-AC78-7CAC-8D4BE30B9E3F</attributeRef>
<attributeRef>A4740D75-B652-78B9-E53A-0484CF73BA99</attributeRef>
<attributeRef>30FB147F-F552-821E-2CFE-6D98917F1EBA</attributeRef>
<attributeRef>D8FDC79F-1084-E156-6207-BAEBF38795F7</attributeRef>
</usedAttributes>
</identifier>
</identifiers>
</Entity>