<?xml version = '1.0' encoding = 'UTF-8'?>
<Entity class="oracle.dbtools.crest.model.design.logical.Entity" directorySegmentName="seg_0" id="895A9339-CD9E-CA46-0180-D47C8FC25E5C" name="SER_ESP_HOTELERIA">
<createdBy>jose</createdBy>
<createdTime>2019-05-14 11:14:34 UTC</createdTime>
<ownerDesignName>Modelo OnTour</ownerDesignName>
<engineerTo>
<item key="08B88EAC-5B92-EED9-4254-04694DE2B260" value="true"/>
</engineerTo>
<adequatelyNormalized>NO</adequatelyNormalized>
<expectedVolumes>0</expectedVolumes>
<fwdEngineeringStrategyName>Single Table</fwdEngineeringStrategyName>
<growthPercent>0</growthPercent>
<growthType>Year</growthType>
<maxVolumes>9999999</maxVolumes>
<minVolumes>0</minVolumes>
<normalForm>Third</normalForm>
<attributes itemClass="oracle.dbtools.crest.model.design.logical.Attribute">
<Attribute name="CodHoteleria" id="F9CF25D8-FDE4-3055-AFFC-3D03779546D3">
<createdBy>jose</createdBy>
<createdTime>2019-05-14 11:14:51 UTC</createdTime>
<ownerDesignName>Modelo OnTour</ownerDesignName>
<engineerTo>
<item key="08B88EAC-5B92-EED9-4254-04694DE2B260" value="true"/>
</engineerTo>
<useDomainConstraints>false</useDomainConstraints>
<use>1</use>
<logicalDatatype>LOGDT024</logicalDatatype>
<dataTypeSize>11</dataTypeSize>
<ownDataTypeParameters>11,,</ownDataTypeParameters>
</Attribute>
<Attribute name="Descripcion" id="FE68627C-24BB-5A86-ED26-96E2F5505833">
<createdBy>jose</createdBy>
<createdTime>2019-05-14 11:15:10 UTC</createdTime>
<ownerDesignName>Modelo OnTour</ownerDesignName>
<engineerTo>
<item key="08B88EAC-5B92-EED9-4254-04694DE2B260" value="true"/>
</engineerTo>
<useDomainConstraints>false</useDomainConstraints>
<use>1</use>
<logicalDatatype>LOGDT024</logicalDatatype>
<dataTypeSize>50</dataTypeSize>
<ownDataTypeParameters>50,,</ownDataTypeParameters>
</Attribute>
</attributes>
<identifiers itemClass="oracle.dbtools.crest.model.design.logical.CandidateKey">
<identifier id="0F05586D-669C-1432-27B2-26E514F1C097" name="SER_ESP_HOTELERIA PK">
<createdBy>jose</createdBy>
<createdTime>2019-05-14 11:15:09 UTC</createdTime>
<ownerDesignName>Modelo OnTour</ownerDesignName>
<engineerTo>
<item key="08B88EAC-5B92-EED9-4254-04694DE2B260" value="true"/>
</engineerTo>
<pk>true</pk>
<usedAttributes>
<attributeRef>F9CF25D8-FDE4-3055-AFFC-3D03779546D3</attributeRef>
</usedAttributes>
</identifier>
</identifiers>
</Entity>