<?xml version = '1.0' encoding = 'UTF-8'?>
<Entity class="oracle.dbtools.crest.model.design.logical.Entity" directorySegmentName="seg_0" id="AB02FCC6-0686-3C20-96A4-315969EEC23B" name="CONTRATO">
<createdBy>jose</createdBy>
<createdTime>2019-05-14 05:50:57 UTC</createdTime>
<ownerDesignName>Modelo OnTour</ownerDesignName>
<engineerTo>
<item key="08B88EAC-5B92-EED9-4254-04694DE2B260" value="true"/>
</engineerTo>
<adequatelyNormalized>NO</adequatelyNormalized>
<expectedVolumes>0</expectedVolumes>
<fwdEngineeringStrategyName>Single Table</fwdEngineeringStrategyName>
<growthPercent>0</growthPercent>
<growthType>Year</growthType>
<maxVolumes>9999999</maxVolumes>
<minVolumes>0</minVolumes>
<normalForm>Third</normalForm>
<attributes itemClass="oracle.dbtools.crest.model.design.logical.Attribute">
<Attribute name="Nro_Contrato" id="4201129D-0F4C-BD77-FD4D-9EA05AFFA0B6">
<createdBy>jose</createdBy>
<createdTime>2019-05-14 06:39:25 UTC</createdTime>
<ownerDesignName>Modelo OnTour</ownerDesignName>
<engineerTo>
<item key="08B88EAC-5B92-EED9-4254-04694DE2B260" value="true"/>
</engineerTo>
<useDomainConstraints>false</useDomainConstraints>
<use>1</use>
<logicalDatatype>LOGDT019</logicalDatatype>
<ownDataTypeParameters>,,</ownDataTypeParameters>
</Attribute>
<Attribute name="CodCurso" id="A54949E5-8487-4612-3ECF-31A0BB59B8BB">
<createdBy>jose</createdBy>
<createdTime>2019-05-14 06:41:13 UTC</createdTime>
<generatorID>D08D0C7C-DC07-D19D-2D2F-8C8447228074</generatorID>
<ownerDesignName>Modelo OnTour</ownerDesignName>
<engineerTo>
<item key="08B88EAC-5B92-EED9-4254-04694DE2B260" value="true"/>
</engineerTo>
<referedAttribute>613E01BD-03E1-8ECF-C560-62DE396B2A6C</referedAttribute>
<useDomainConstraints>false</useDomainConstraints>
<use>1</use>
<logicalDatatype>LOGDT024</logicalDatatype>
<dataTypeSize>20</dataTypeSize>
<ownDataTypeParameters>20,,</ownDataTypeParameters>
</Attribute>
<Attribute name="CodColegio" id="402431C7-C507-726A-7964-1D9652D4552D">
<createdBy>jose</createdBy>
<createdTime>2019-05-14 06:41:13 UTC</createdTime>
<generatorID>D08D0C7C-DC07-D19D-2D2F-8C8447228074</generatorID>
<ownerDesignName>Modelo OnTour</ownerDesignName>
<engineerTo>
<item key="08B88EAC-5B92-EED9-4254-04694DE2B260" value="true"/>
</engineerTo>
<referedAttribute>8A630F43-4D52-C800-D2EA-2CA893675E78</referedAttribute>
<useDomainConstraints>false</useDomainConstraints>
<use>1</use>
<logicalDatatype>LOGDT024</logicalDatatype>
<dataTypeSize>25</dataTypeSize>
<ownDataTypeParameters>25,,</ownDataTypeParameters>
</Attribute>
<Attribute name="CodTipo" id="2CAAD3FD-F196-EDFC-2DFE-8E922DCA2AAE">
<createdBy>jose</createdBy>
<createdTime>2019-05-14 08:15:21 UTC</createdTime>
<generatorID>D08D0C7C-DC07-D19D-2D2F-8C8447228074</generatorID>
<ownerDesignName>Modelo OnTour</ownerDesignName>
<engineerTo>
<item key="08B88EAC-5B92-EED9-4254-04694DE2B260" value="true"/>
</engineerTo>
<referedAttribute>D581178F-7D71-691A-3969-89B866EDF734</referedAttribute>
<useDomainConstraints>false</useDomainConstraints>
<use>1</use>
<logicalDatatype>LOGDT024</logicalDatatype>
<dataTypeSize>11</dataTypeSize>
<ownDataTypeParameters>11,,</ownDataTypeParameters>
</Attribute>
<Attribute name="Rut" id="037CF99D-6371-673F-C258-FA5DD729B797">
<createdBy>jose</createdBy>
<createdTime>2019-05-14 09:39:42 UTC</createdTime>
<generatorID>8347FA59-63E2-6458-6494-3A894DD46FB2</generatorID>
<ownerDesignName>Modelo OnTour</ownerDesignName>
<engineerTo>
<item key="08B88EAC-5B92-EED9-4254-04694DE2B260" value="true"/>
</engineerTo>
<referedAttribute>0C38023D-B9E6-15D0-06D5-B317D184E95E</referedAttribute>
<useDomainConstraints>false</useDomainConstraints>
<use>1</use>
<logicalDatatype>LOGDT024</logicalDatatype>
<dataTypeSize>11</dataTypeSize>
<ownDataTypeParameters>11,,</ownDataTypeParameters>
</Attribute>
<Attribute name="Fecha_Creacion" id="B7C7DE47-1F04-4728-674F-C18E43681BC2">
<createdBy>jose</createdBy>
<createdTime>2019-05-14 09:46:27 UTC</createdTime>
<ownerDesignName>Modelo OnTour</ownerDesignName>
<engineerTo>
<item key="08B88EAC-5B92-EED9-4254-04694DE2B260" value="true"/>
</engineerTo>
<useDomainConstraints>false</useDomainConstraints>
<use>1</use>
<logicalDatatype>LOGDT008</logicalDatatype>
<ownDataTypeParameters>,,</ownDataTypeParameters>
</Attribute>
<Attribute name="Fecha_termino" id="7A56C289-4934-B3D6-4C76-49626DC10FA1">
<createdBy>jose</createdBy>
<createdTime>2019-05-14 09:46:51 UTC</createdTime>
<ownerDesignName>Modelo OnTour</ownerDesignName>
<engineerTo>
<item key="08B88EAC-5B92-EED9-4254-04694DE2B260" value="true"/>
</engineerTo>
<useDomainConstraints>false</useDomainConstraints>
<use>1</use>
<logicalDatatype>LOGDT008</logicalDatatype>
<ownDataTypeParameters>,,</ownDataTypeParameters>
</Attribute>
<Attribute name="CodSeguro" id="8E656AFA-DF8D-BE03-06B7-4CE993CCDB8E">
<createdBy>jose</createdBy>
<createdTime>2019-05-14 10:10:42 UTC</createdTime>
<generatorID>FE147BE2-D36E-26BE-1F3F-A4468AEEA149</generatorID>
<ownerDesignName>Modelo OnTour</ownerDesignName>
<engineerTo>
<item key="08B88EAC-5B92-EED9-4254-04694DE2B260" value="true"/>
</engineerTo>
<referedAttribute>132E60E6-2255-EEC7-2719-D930A8B4E7B8</referedAttribute>
<useDomainConstraints>false</useDomainConstraints>
<use>1</use>
<logicalDatatype>LOGDT024</logicalDatatype>
<dataTypeSize>11</dataTypeSize>
<ownDataTypeParameters>11,,</ownDataTypeParameters>
</Attribute>
<Attribute name="Cod_Tipo_Seg" id="7AA2DE2D-88FC-462E-D6FF-9138649F56A8">
<createdBy>jose</createdBy>
<createdTime>2019-05-14 10:10:42 UTC</createdTime>
<generatorID>FE147BE2-D36E-26BE-1F3F-A4468AEEA149</generatorID>
<ownerDesignName>Modelo OnTour</ownerDesignName>
<engineerTo>
<item key="08B88EAC-5B92-EED9-4254-04694DE2B260" value="true"/>
</engineerTo>
<referedAttribute>2668BCC4-0A6C-BE7C-6038-3CA1AAEB7736</referedAttribute>
<useDomainConstraints>false</useDomainConstraints>
<use>1</use>
<logicalDatatype>LOGDT024</logicalDatatype>
<dataTypeSize>11</dataTypeSize>
<ownDataTypeParameters>11,,</ownDataTypeParameters>
</Attribute>
<Attribute name="CodActividad" id="1E214139-28BE-350C-29BE-24985E671E22">
<createdBy>jose</createdBy>
<createdTime>2019-05-14 10:44:09 UTC</createdTime>
<generatorID>32088178-5784-C1F5-CFE5-801FE69A74DC</generatorID>
<ownerDesignName>Modelo OnTour</ownerDesignName>
<engineerTo>
<item key="08B88EAC-5B92-EED9-4254-04694DE2B260" value="true"/>
</engineerTo>
<referedAttribute>69078875-A364-1D64-3E7B-D031216967F0</referedAttribute>
<useDomainConstraints>false</useDomainConstraints>
<use>1</use>
<logicalDatatype>LOGDT024</logicalDatatype>
<dataTypeSize>11</dataTypeSize>
<ownDataTypeParameters>11,,</ownDataTypeParameters>
</Attribute>
<Attribute name="Destino" id="737D7AD2-DD74-57D7-5ABC-4C5DAD41B95A">
<createdBy>jose</createdBy>
<createdTime>2019-05-14 10:45:48 UTC</createdTime>
<ownerDesignName>Modelo OnTour</ownerDesignName>
<engineerTo>
<item key="08B88EAC-5B92-EED9-4254-04694DE2B260" value="true"/>
</engineerTo>
<useDomainConstraints>false</useDomainConstraints>
<use>1</use>
<logicalDatatype>LOGDT024</logicalDatatype>
<dataTypeSize>50</dataTypeSize>
<ownDataTypeParameters>50,,</ownDataTypeParameters>
</Attribute>
<Attribute name="Cant_Dias" id="D230C310-CF5C-17F3-53CF-BBC3A04989D2">
<createdBy>jose</createdBy>
<createdTime>2019-05-14 11:13:13 UTC</createdTime>
<ownerDesignName>Modelo OnTour</ownerDesignName>
<engineerTo>
<item key="08B88EAC-5B92-EED9-4254-04694DE2B260" value="true"/>
</engineerTo>
<useDomainConstraints>false</useDomainConstraints>
<use>1</use>
<logicalDatatype>LOGDT019</logicalDatatype>
<ownDataTypeParameters>,,</ownDataTypeParameters>
</Attribute>
<Attribute name="Fecha_ini_viaje" id="291C2655-1622-B52A-BE5D-8E686BAF9F3A">
<createdBy>jose</createdBy>
<createdTime>2019-05-14 11:13:26 UTC</createdTime>
<ownerDesignName>Modelo OnTour</ownerDesignName>
<engineerTo>
<item key="08B88EAC-5B92-EED9-4254-04694DE2B260" value="true"/>
</engineerTo>
<useDomainConstraints>false</useDomainConstraints>
<use>1</use>
<logicalDatatype>LOGDT008</logicalDatatype>
<ownDataTypeParameters>,,</ownDataTypeParameters>
</Attribute>
<Attribute name="Fecha_term_viaje" id="2A7E1D1D-FA92-473B-2F39-1E1645D582B4">
<createdBy>jose</createdBy>
<createdTime>2019-05-14 11:13:41 UTC</createdTime>
<ownerDesignName>Modelo OnTour</ownerDesignName>
<engineerTo>
<item key="08B88EAC-5B92-EED9-4254-04694DE2B260" value="true"/>
</engineerTo>
<useDomainConstraints>false</useDomainConstraints>
<use>1</use>
<logicalDatatype>LOGDT008</logicalDatatype>
<ownDataTypeParameters>,,</ownDataTypeParameters>
</Attribute>
<Attribute name="CodHoteleria" id="A72251EC-D07B-5170-8ADD-754B7C7B935B">
<createdBy>jose</createdBy>
<createdTime>2019-05-14 11:15:53 UTC</createdTime>
<generatorID>57648E90-7365-0E73-BA38-F19F8AA2568B</generatorID>
<ownerDesignName>Modelo OnTour</ownerDesignName>
<engineerTo>
<item key="08B88EAC-5B92-EED9-4254-04694DE2B260" value="true"/>
</engineerTo>
<referedAttribute>F9CF25D8-FDE4-3055-AFFC-3D03779546D3</referedAttribute>
<useDomainConstraints>false</useDomainConstraints>
<use>1</use>
<logicalDatatype>LOGDT024</logicalDatatype>
<dataTypeSize>11</dataTypeSize>
<ownDataTypeParameters>,,</ownDataTypeParameters>
</Attribute>
<Attribute name="Meta_a_Completar" id="F907970A-5045-A679-112A-1E82938DF7D1">
<createdBy>jose</createdBy>
<createdTime>2019-05-14 11:17:07 UTC</createdTime>
<ownerDesignName>Modelo OnTour</ownerDesignName>
<engineerTo>
<item key="08B88EAC-5B92-EED9-4254-04694DE2B260" value="true"/>
</engineerTo>
<useDomainConstraints>false</useDomainConstraints>
<use>1</use>
<logicalDatatype>LOGDT019</logicalDatatype>
<ownDataTypeParameters>,,</ownDataTypeParameters>
</Attribute>
<Attribute name="Tasa_interes" id="45E78E62-129F-9767-2DD7-8B34D5BF3A07">
<createdBy>jose</createdBy>
<createdTime>2019-05-14 11:17:30 UTC</createdTime>
<ownerDesignName>Modelo OnTour</ownerDesignName>
<engineerTo>
<item key="08B88EAC-5B92-EED9-4254-04694DE2B260" value="true"/>
</engineerTo>
<useDomainConstraints>false</useDomainConstraints>
<use>1</use>
<logicalDatatype>LOGDT019</logicalDatatype>
<ownDataTypeParameters>,,</ownDataTypeParameters>
</Attribute>
<Attribute name="Fecha_pagos" id="E861F7A9-752A-69DE-074E-22DE86B5DE8B">
<createdBy>jose</createdBy>
<createdTime>2019-05-14 11:18:04 UTC</createdTime>
<ownerDesignName>Modelo OnTour</ownerDesignName>
<engineerTo>
<item key="08B88EAC-5B92-EED9-4254-04694DE2B260" value="true"/>
</engineerTo>
<useDomainConstraints>false</useDomainConstraints>
<use>1</use>
<logicalDatatype>LOGDT008</logicalDatatype>
<ownDataTypeParameters>,,</ownDataTypeParameters>
</Attribute>
<Attribute name="CodTipoPago" id="77AA4655-1F1D-2802-C01B-72795CE6A042">
<createdBy>jose</createdBy>
<createdTime>2019-05-14 11:19:27 UTC</createdTime>
<generatorID>B0021959-527A-37F8-5FA7-487CCBBC4C5D</generatorID>
<ownerDesignName>Modelo OnTour</ownerDesignName>
<engineerTo>
<item key="08B88EAC-5B92-EED9-4254-04694DE2B260" value="true"/>
</engineerTo>
<referedAttribute>DCEA2274-E1E0-00F1-69F7-1243775B992A</referedAttribute>
<useDomainConstraints>false</useDomainConstraints>
<use>1</use>
<logicalDatatype>LOGDT024</logicalDatatype>
<dataTypeSize>11</dataTypeSize>
<ownDataTypeParameters>,,</ownDataTypeParameters>
</Attribute>
<Attribute name="Tipo_Act_Recaudacion" id="8DEFF1AF-04C4-8382-6417-F9D6AA6EDD03">
<createdBy>jose</createdBy>
<createdTime>2019-05-14 11:20:28 UTC</createdTime>
<ownerDesignName>Modelo OnTour</ownerDesignName>
<engineerTo>
<item key="08B88EAC-5B92-EED9-4254-04694DE2B260" value="true"/>
</engineerTo>
<useDomainConstraints>false</useDomainConstraints>
<use>1</use>
<logicalDatatype>LOGDT024</logicalDatatype>
<dataTypeSize>50</dataTypeSize>
<ownDataTypeParameters>50,,</ownDataTypeParameters>
</Attribute>
</attributes>
<identifiers itemClass="oracle.dbtools.crest.model.design.logical.CandidateKey">
<identifier id="20CA6EB9-141E-9BD1-AD9F-2F9FA55FA126" name="CONTRATO PK">
<createdBy>jose</createdBy>
<createdTime>2019-05-14 06:39:39 UTC</createdTime>
<ownerDesignName>Modelo OnTour</ownerDesignName>
<engineerTo>
<item key="08B88EAC-5B92-EED9-4254-04694DE2B260" value="true"/>
</engineerTo>
<pk>true</pk>
<usedAttributes>
<attributeRef>4201129D-0F4C-BD77-FD4D-9EA05AFFA0B6</attributeRef>
<attributeRef>A54949E5-8487-4612-3ECF-31A0BB59B8BB</attributeRef>
<attributeRef>402431C7-C507-726A-7964-1D9652D4552D</attributeRef>
<attributeRef>2CAAD3FD-F196-EDFC-2DFE-8E922DCA2AAE</attributeRef>
<attributeRef>037CF99D-6371-673F-C258-FA5DD729B797</attributeRef>
<attributeRef>8E656AFA-DF8D-BE03-06B7-4CE993CCDB8E</attributeRef>
<attributeRef>7AA2DE2D-88FC-462E-D6FF-9138649F56A8</attributeRef>
<attributeRef>1E214139-28BE-350C-29BE-24985E671E22</attributeRef>
<attributeRef>A72251EC-D07B-5170-8ADD-754B7C7B935B</attributeRef>
<attributeRef>77AA4655-1F1D-2802-C01B-72795CE6A042</attributeRef>
</usedAttributes>
</identifier>
</identifiers>
</Entity>