<?xml version = '1.0' encoding = 'UTF-8'?>
<Entity class="oracle.dbtools.crest.model.design.logical.Entity" directorySegmentName="seg_0" id="ABD08933-3562-3228-C63C-F933096DD1C9" name="APODERADO">
<createdBy>jose</createdBy>
<createdTime>2019-05-14 02:33:55 UTC</createdTime>
<ownerDesignName>Modelo OnTour</ownerDesignName>
<engineerTo>
<item key="08B88EAC-5B92-EED9-4254-04694DE2B260" value="true"/>
</engineerTo>
<adequatelyNormalized>NO</adequatelyNormalized>
<expectedVolumes>0</expectedVolumes>
<fwdEngineeringStrategyName>Single Table</fwdEngineeringStrategyName>
<growthPercent>0</growthPercent>
<growthType>Year</growthType>
<maxVolumes>9999999</maxVolumes>
<minVolumes>0</minVolumes>
<normalForm>Third</normalForm>
<attributes itemClass="oracle.dbtools.crest.model.design.logical.Attribute">
<Attribute name="RutApo" id="F6E8952D-4B6B-6C26-B3DA-DF36E3D25FE0">
<createdBy>jose</createdBy>
<createdTime>2019-05-14 02:34:14 UTC</createdTime>
<ownerDesignName>Modelo OnTour</ownerDesignName>
<engineerTo>
<item key="08B88EAC-5B92-EED9-4254-04694DE2B260" value="true"/>
</engineerTo>
<useDomainConstraints>false</useDomainConstraints>
<use>1</use>
<logicalDatatype>LOGDT024</logicalDatatype>
<dataTypeSize>11</dataTypeSize>
<ownDataTypeParameters>11,,</ownDataTypeParameters>
</Attribute>
<Attribute name="Nombre" id="EAFE8FE4-C274-C031-994B-6AD31C082E44">
<createdBy>jose</createdBy>
<createdTime>2019-05-14 02:34:50 UTC</createdTime>
<ownerDesignName>Modelo OnTour</ownerDesignName>
<engineerTo>
<item key="08B88EAC-5B92-EED9-4254-04694DE2B260" value="true"/>
</engineerTo>
<useDomainConstraints>false</useDomainConstraints>
<use>1</use>
<logicalDatatype>LOGDT024</logicalDatatype>
<dataTypeSize>50</dataTypeSize>
<ownDataTypeParameters>50,,</ownDataTypeParameters>
</Attribute>
<Attribute name="Apaterno" id="4C43F4E8-4CE3-C4A6-2D25-1B9DE83BE80C">
<createdBy>jose</createdBy>
<createdTime>2019-05-14 02:35:08 UTC</createdTime>
<ownerDesignName>Modelo OnTour</ownerDesignName>
<engineerTo>
<item key="08B88EAC-5B92-EED9-4254-04694DE2B260" value="true"/>
</engineerTo>
<useDomainConstraints>false</useDomainConstraints>
<use>1</use>
<logicalDatatype>LOGDT024</logicalDatatype>
<dataTypeSize>50</dataTypeSize>
<ownDataTypeParameters>50,,</ownDataTypeParameters>
</Attribute>
<Attribute name="Amaterno" id="8DB01FAA-4E4E-616C-74BC-17AFC0B8082C">
<createdBy>jose</createdBy>
<createdTime>2019-05-14 02:35:58 UTC</createdTime>
<ownerDesignName>Modelo OnTour</ownerDesignName>
<engineerTo>
<item key="08B88EAC-5B92-EED9-4254-04694DE2B260" value="true"/>
</engineerTo>
<useDomainConstraints>false</useDomainConstraints>
<use>1</use>
<logicalDatatype>LOGDT024</logicalDatatype>
<dataTypeSize>50</dataTypeSize>
<ownDataTypeParameters>50,,</ownDataTypeParameters>
</Attribute>
<Attribute name="Direccion" id="7D56EE58-601C-63A2-13AC-E2AAEEEE9DB2">
<createdBy>jose</createdBy>
<createdTime>2019-05-14 02:36:12 UTC</createdTime>
<ownerDesignName>Modelo OnTour</ownerDesignName>
<engineerTo>
<item key="08B88EAC-5B92-EED9-4254-04694DE2B260" value="true"/>
</engineerTo>
<useDomainConstraints>false</useDomainConstraints>
<use>1</use>
<logicalDatatype>LOGDT024</logicalDatatype>
<dataTypeSize>50</dataTypeSize>
<ownDataTypeParameters>50,,</ownDataTypeParameters>
</Attribute>
<Attribute name="Telefono" id="1FDD43BC-499C-4C3B-8203-7F3034F7234E">
<createdBy>jose</createdBy>
<createdTime>2019-05-14 02:36:28 UTC</createdTime>
<ownerDesignName>Modelo OnTour</ownerDesignName>
<engineerTo>
<item key="08B88EAC-5B92-EED9-4254-04694DE2B260" value="true"/>
</engineerTo>
<useDomainConstraints>false</useDomainConstraints>
<use>1</use>
<logicalDatatype>LOGDT019</logicalDatatype>
<ownDataTypeParameters>,,</ownDataTypeParameters>
</Attribute>
<Attribute name="Email" id="A6FDF4A6-31A7-175A-495B-F511D57EC615">
<createdBy>jose</createdBy>
<createdTime>2019-05-14 02:36:49 UTC</createdTime>
<ownerDesignName>Modelo OnTour</ownerDesignName>
<engineerTo>
<item key="08B88EAC-5B92-EED9-4254-04694DE2B260" value="true"/>
</engineerTo>
<useDomainConstraints>false</useDomainConstraints>
<use>1</use>
<logicalDatatype>LOGDT024</logicalDatatype>
<dataTypeSize>50</dataTypeSize>
<ownDataTypeParameters>50,,</ownDataTypeParameters>
</Attribute>
<Attribute name="RutAlum" id="D6A60E67-3ECD-9721-0339-1E554AB6968C">
<createdBy>jose</createdBy>
<createdTime>2019-05-14 05:37:03 UTC</createdTime>
<generatorID>91E74C52-EC95-1F05-6E7F-20251F35D0AD</generatorID>
<ownerDesignName>Modelo OnTour</ownerDesignName>
<engineerTo>
<item key="08B88EAC-5B92-EED9-4254-04694DE2B260" value="true"/>
</engineerTo>
<referedAttribute>CC6E15A5-9123-AC78-7CAC-8D4BE30B9E3F</referedAttribute>
<useDomainConstraints>false</useDomainConstraints>
<use>1</use>
<logicalDatatype>LOGDT024</logicalDatatype>
<dataTypeSize>11</dataTypeSize>
<ownDataTypeParameters>11,,</ownDataTypeParameters>
</Attribute>
<Attribute name="CodCurso" id="57AD123C-89B0-0449-1249-405AD55F1646">
<createdBy>jose</createdBy>
<createdTime>2019-05-14 05:44:02 UTC</createdTime>
<generatorID>91E74C52-EC95-1F05-6E7F-20251F35D0AD</generatorID>
<ownerDesignName>Modelo OnTour</ownerDesignName>
<engineerTo>
<item key="08B88EAC-5B92-EED9-4254-04694DE2B260" value="true"/>
</engineerTo>
<referedAttribute>A4740D75-B652-78B9-E53A-0484CF73BA99</referedAttribute>
<useDomainConstraints>false</useDomainConstraints>
<use>1</use>
<logicalDatatype>LOGDT024</logicalDatatype>
<dataTypeSize>20</dataTypeSize>
<ownDataTypeParameters>20,,</ownDataTypeParameters>
</Attribute>
<Attribute name="CodColegio" id="C19864F3-B944-C419-070A-4AA73F6F8ED2">
<createdBy>jose</createdBy>
<createdTime>2019-05-14 05:44:02 UTC</createdTime>
<generatorID>91E74C52-EC95-1F05-6E7F-20251F35D0AD</generatorID>
<ownerDesignName>Modelo OnTour</ownerDesignName>
<engineerTo>
<item key="08B88EAC-5B92-EED9-4254-04694DE2B260" value="true"/>
</engineerTo>
<referedAttribute>30FB147F-F552-821E-2CFE-6D98917F1EBA</referedAttribute>
<useDomainConstraints>false</useDomainConstraints>
<use>1</use>
<logicalDatatype>LOGDT024</logicalDatatype>
<dataTypeSize>25</dataTypeSize>
<ownDataTypeParameters>25,,</ownDataTypeParameters>
</Attribute>
<Attribute name="CodTipo" id="D829DD15-FCFF-479F-CAB8-6C94E3D307D8">
<createdBy>jose</createdBy>
<createdTime>2019-05-14 08:15:21 UTC</createdTime>
<generatorID>91E74C52-EC95-1F05-6E7F-20251F35D0AD</generatorID>
<ownerDesignName>Modelo OnTour</ownerDesignName>
<engineerTo>
<item key="08B88EAC-5B92-EED9-4254-04694DE2B260" value="true"/>
</engineerTo>
<referedAttribute>D8FDC79F-1084-E156-6207-BAEBF38795F7</referedAttribute>
<useDomainConstraints>false</useDomainConstraints>
<use>1</use>
<logicalDatatype>LOGDT024</logicalDatatype>
<dataTypeSize>11</dataTypeSize>
<ownDataTypeParameters>11,,</ownDataTypeParameters>
</Attribute>
</attributes>
<identifiers itemClass="oracle.dbtools.crest.model.design.logical.CandidateKey">
<identifier id="3FA14FAF-E3A4-8D70-7D45-141881717474" name="APODERADO PK">
<createdBy>jose</createdBy>
<createdTime>2019-05-14 02:34:49 UTC</createdTime>
<ownerDesignName>Modelo OnTour</ownerDesignName>
<engineerTo>
<item key="08B88EAC-5B92-EED9-4254-04694DE2B260" value="true"/>
</engineerTo>
<pk>true</pk>
<usedAttributes>
<attributeRef>F6E8952D-4B6B-6C26-B3DA-DF36E3D25FE0</attributeRef>
</usedAttributes>
</identifier>
</identifiers>
</Entity>