<?xml version = '1.0' encoding = 'UTF-8'?>
<Entity class="oracle.dbtools.crest.model.design.logical.Entity" directorySegmentName="seg_0" id="B75B8EA7-2671-FCDA-E895-CFD54772A3AA" name="CURSO">
<createdBy>jose</createdBy>
<createdTime>2019-05-14 02:28:29 UTC</createdTime>
<ownerDesignName>Modelo OnTour</ownerDesignName>
<engineerTo>
<item key="08B88EAC-5B92-EED9-4254-04694DE2B260" value="true"/>
</engineerTo>
<adequatelyNormalized>NO</adequatelyNormalized>
<expectedVolumes>0</expectedVolumes>
<fwdEngineeringStrategyName>Single Table</fwdEngineeringStrategyName>
<growthPercent>0</growthPercent>
<growthType>Year</growthType>
<maxVolumes>9999999</maxVolumes>
<minVolumes>0</minVolumes>
<normalForm>Third</normalForm>
<attributes itemClass="oracle.dbtools.crest.model.design.logical.Attribute">
<Attribute name="CodCurso" id="613E01BD-03E1-8ECF-C560-62DE396B2A6C">
<createdBy>jose</createdBy>
<createdTime>2019-05-14 02:28:42 UTC</createdTime>
<ownerDesignName>Modelo OnTour</ownerDesignName>
<engineerTo>
<item key="08B88EAC-5B92-EED9-4254-04694DE2B260" value="true"/>
</engineerTo>
<useDomainConstraints>false</useDomainConstraints>
<use>1</use>
<logicalDatatype>LOGDT024</logicalDatatype>
<dataTypeSize>20</dataTypeSize>
<ownDataTypeParameters>20,,</ownDataTypeParameters>
</Attribute>
<Attribute name="NºAlumnos" id="CCE3B8A3-D18A-9B93-5EBB-73F5B7704F52">
<createdBy>jose</createdBy>
<createdTime>2019-05-14 02:29:14 UTC</createdTime>
<ownerDesignName>Modelo OnTour</ownerDesignName>
<engineerTo>
<item key="08B88EAC-5B92-EED9-4254-04694DE2B260" value="true"/>
</engineerTo>
<useDomainConstraints>false</useDomainConstraints>
<use>1</use>
<logicalDatatype>LOGDT019</logicalDatatype>
<ownDataTypeParameters>,,</ownDataTypeParameters>
</Attribute>
<Attribute name="CodColegio" id="8A630F43-4D52-C800-D2EA-2CA893675E78">
<createdBy>jose</createdBy>
<createdTime>2019-05-14 05:29:27 UTC</createdTime>
<generatorID>B04821D1-B6CC-C2C1-1C76-49C48D06A48B</generatorID>
<ownerDesignName>Modelo OnTour</ownerDesignName>
<engineerTo>
<item key="08B88EAC-5B92-EED9-4254-04694DE2B260" value="true"/>
</engineerTo>
<referedAttribute>BE10A194-37D4-AB59-E636-0558B1F02DB6</referedAttribute>
<useDomainConstraints>false</useDomainConstraints>
<use>1</use>
<logicalDatatype>LOGDT024</logicalDatatype>
<dataTypeSize>25</dataTypeSize>
<ownDataTypeParameters>,,</ownDataTypeParameters>
</Attribute>
<Attribute name="CodTipo" id="D581178F-7D71-691A-3969-89B866EDF734">
<createdBy>jose</createdBy>
<createdTime>2019-05-14 08:15:21 UTC</createdTime>
<generatorID>B04821D1-B6CC-C2C1-1C76-49C48D06A48B</generatorID>
<ownerDesignName>Modelo OnTour</ownerDesignName>
<engineerTo>
<item key="08B88EAC-5B92-EED9-4254-04694DE2B260" value="true"/>
</engineerTo>
<referedAttribute>DD532559-EB69-6538-EDA4-DD9410135B52</referedAttribute>
<useDomainConstraints>false</useDomainConstraints>
<use>1</use>
<logicalDatatype>LOGDT024</logicalDatatype>
<dataTypeSize>11</dataTypeSize>
<ownDataTypeParameters>,,</ownDataTypeParameters>
</Attribute>
</attributes>
<identifiers itemClass="oracle.dbtools.crest.model.design.logical.CandidateKey">
<identifier id="B6C65194-77CC-F51C-70DA-B5F8268426F0" name="CURSO PK">
<createdBy>jose</createdBy>
<createdTime>2019-05-14 02:29:12 UTC</createdTime>
<ownerDesignName>Modelo OnTour</ownerDesignName>
<engineerTo>
<item key="08B88EAC-5B92-EED9-4254-04694DE2B260" value="true"/>
</engineerTo>
<pk>true</pk>
<usedAttributes>
<attributeRef>613E01BD-03E1-8ECF-C560-62DE396B2A6C</attributeRef>
<attributeRef>8A630F43-4D52-C800-D2EA-2CA893675E78</attributeRef>
<attributeRef>D581178F-7D71-691A-3969-89B866EDF734</attributeRef>
</usedAttributes>
</identifier>
</identifiers>
</Entity>