<?xml version = '1.0' encoding = 'UTF-8'?>
<Entity class="oracle.dbtools.crest.model.design.logical.Entity" directorySegmentName="seg_0" id="E3198599-7226-7E48-AF0F-5CF8392BDD26" name="TIPO_SEGURO">
<createdBy>jose</createdBy>
<createdTime>2019-05-14 10:05:27 UTC</createdTime>
<ownerDesignName>Modelo OnTour</ownerDesignName>
<engineerTo>
<item key="08B88EAC-5B92-EED9-4254-04694DE2B260" value="true"/>
</engineerTo>
<adequatelyNormalized>NO</adequatelyNormalized>
<expectedVolumes>0</expectedVolumes>
<fwdEngineeringStrategyName>Single Table</fwdEngineeringStrategyName>
<growthPercent>0</growthPercent>
<growthType>Year</growthType>
<maxVolumes>9999999</maxVolumes>
<minVolumes>0</minVolumes>
<normalForm>Third</normalForm>
<attributes itemClass="oracle.dbtools.crest.model.design.logical.Attribute">
<Attribute name="Cod_Tipo_Seg" id="649F2CBD-C3A1-0477-4F94-982E5FC87688">
<createdBy>jose</createdBy>
<createdTime>2019-05-14 10:05:35 UTC</createdTime>
<ownerDesignName>Modelo OnTour</ownerDesignName>
<engineerTo>
<item key="08B88EAC-5B92-EED9-4254-04694DE2B260" value="true"/>
</engineerTo>
<useDomainConstraints>false</useDomainConstraints>
<use>1</use>
<logicalDatatype>LOGDT024</logicalDatatype>
<dataTypeSize>11</dataTypeSize>
<ownDataTypeParameters>11,,</ownDataTypeParameters>
</Attribute>
<Attribute name="Descripcion" id="083970A2-DD37-FE9F-DBB0-6D6184879F65">
<createdBy>jose</createdBy>
<createdTime>2019-05-14 10:05:53 UTC</createdTime>
<ownerDesignName>Modelo OnTour</ownerDesignName>
<engineerTo>
<item key="08B88EAC-5B92-EED9-4254-04694DE2B260" value="true"/>
</engineerTo>
<useDomainConstraints>false</useDomainConstraints>
<use>1</use>
<logicalDatatype>LOGDT024</logicalDatatype>
<dataTypeSize>50</dataTypeSize>
<ownDataTypeParameters>50,,</ownDataTypeParameters>
</Attribute>
</attributes>
<identifiers itemClass="oracle.dbtools.crest.model.design.logical.CandidateKey">
<identifier id="7F74432A-9BE9-6172-9896-BEB3D5725B08" name="TIPO_SEGURO PK">
<createdBy>jose</createdBy>
<createdTime>2019-05-14 10:05:52 UTC</createdTime>
<ownerDesignName>Modelo OnTour</ownerDesignName>
<engineerTo>
<item key="08B88EAC-5B92-EED9-4254-04694DE2B260" value="true"/>
</engineerTo>
<pk>true</pk>
<usedAttributes>
<attributeRef>649F2CBD-C3A1-0477-4F94-982E5FC87688</attributeRef>
</usedAttributes>
</identifier>
</identifiers>
</Entity>