<?xml version = '1.0' encoding = 'UTF-8'?>
<Entity class="oracle.dbtools.crest.model.design.logical.Entity" directorySegmentName="seg_0" id="E6226509-B4AC-C342-EAFC-CF87374CB242" name="DUEÑO">
<createdBy>jose</createdBy>
<createdTime>2019-05-14 12:16:46 UTC</createdTime>
<ownerDesignName>Modelo OnTour</ownerDesignName>
<engineerTo>
<item key="08B88EAC-5B92-EED9-4254-04694DE2B260" value="true"/>
</engineerTo>
<adequatelyNormalized>NO</adequatelyNormalized>
<expectedVolumes>0</expectedVolumes>
<fwdEngineeringStrategyName>Single Table</fwdEngineeringStrategyName>
<growthPercent>0</growthPercent>
<growthType>Year</growthType>
<maxVolumes>9999999</maxVolumes>
<minVolumes>0</minVolumes>
<normalForm>Third</normalForm>
<attributes itemClass="oracle.dbtools.crest.model.design.logical.Attribute">
<Attribute name="Rut" id="F7EF8587-216C-A940-EEDA-3EB58A62CA2E">
<createdBy>jose</createdBy>
<createdTime>2019-05-14 12:16:46 UTC</createdTime>
<ownerDesignName>Modelo OnTour</ownerDesignName>
<engineerTo>
<item key="08B88EAC-5B92-EED9-4254-04694DE2B260" value="true"/>
</engineerTo>
<useDomainConstraints>false</useDomainConstraints>
<use>1</use>
<logicalDatatype>LOGDT024</logicalDatatype>
<dataTypeSize>11</dataTypeSize>
<ownDataTypeParameters>11,,</ownDataTypeParameters>
</Attribute>
<Attribute name="Nombre" id="833EB999-1CB5-E729-E5E3-8871268F7F2E">
<createdBy>jose</createdBy>
<createdTime>2019-05-14 12:16:46 UTC</createdTime>
<ownerDesignName>Modelo OnTour</ownerDesignName>
<engineerTo>
<item key="08B88EAC-5B92-EED9-4254-04694DE2B260" value="true"/>
</engineerTo>
<useDomainConstraints>false</useDomainConstraints>
<use>1</use>
<logicalDatatype>LOGDT024</logicalDatatype>
<dataTypeSize>50</dataTypeSize>
<ownDataTypeParameters>50,,</ownDataTypeParameters>
</Attribute>
<Attribute name="Apaterno" id="E96E4AC3-32FC-6EDE-EA34-06DF68880ED1">
<createdBy>jose</createdBy>
<createdTime>2019-05-14 12:16:46 UTC</createdTime>
<ownerDesignName>Modelo OnTour</ownerDesignName>
<engineerTo>
<item key="08B88EAC-5B92-EED9-4254-04694DE2B260" value="true"/>
</engineerTo>
<useDomainConstraints>false</useDomainConstraints>
<use>1</use>
<logicalDatatype>LOGDT024</logicalDatatype>
<dataTypeSize>50</dataTypeSize>
<ownDataTypeParameters>50,,</ownDataTypeParameters>
</Attribute>
<Attribute name="Amaterno" id="49528F4F-99A5-9603-F125-D63C64E71AD8">
<createdBy>jose</createdBy>
<createdTime>2019-05-14 12:16:46 UTC</createdTime>
<ownerDesignName>Modelo OnTour</ownerDesignName>
<engineerTo>
<item key="08B88EAC-5B92-EED9-4254-04694DE2B260" value="true"/>
</engineerTo>
<useDomainConstraints>false</useDomainConstraints>
<use>1</use>
<logicalDatatype>LOGDT024</logicalDatatype>
<dataTypeSize>50</dataTypeSize>
<ownDataTypeParameters>50,,</ownDataTypeParameters>
</Attribute>
<Attribute name="Direccion" id="57C92387-4997-562E-156A-288A09725C95">
<createdBy>jose</createdBy>
<createdTime>2019-05-14 12:16:46 UTC</createdTime>
<ownerDesignName>Modelo OnTour</ownerDesignName>
<engineerTo>
<item key="08B88EAC-5B92-EED9-4254-04694DE2B260" value="true"/>
</engineerTo>
<useDomainConstraints>false</useDomainConstraints>
<use>1</use>
<logicalDatatype>LOGDT024</logicalDatatype>
<dataTypeSize>50</dataTypeSize>
<ownDataTypeParameters>50,,</ownDataTypeParameters>
</Attribute>
<Attribute name="Telefono" id="5C4516F3-F4B7-8DB4-B24F-347A796372C7">
<createdBy>jose</createdBy>
<createdTime>2019-05-14 12:16:46 UTC</createdTime>
<ownerDesignName>Modelo OnTour</ownerDesignName>
<engineerTo>
<item key="08B88EAC-5B92-EED9-4254-04694DE2B260" value="true"/>
</engineerTo>
<useDomainConstraints>false</useDomainConstraints>
<use>1</use>
<logicalDatatype>LOGDT019</logicalDatatype>
<ownDataTypeParameters>,,</ownDataTypeParameters>
</Attribute>
<Attribute name="Email" id="C1B5F72C-34F3-DC34-10F0-38C2638F8692">
<createdBy>jose</createdBy>
<createdTime>2019-05-14 12:16:46 UTC</createdTime>
<ownerDesignName>Modelo OnTour</ownerDesignName>
<engineerTo>
<item key="08B88EAC-5B92-EED9-4254-04694DE2B260" value="true"/>
</engineerTo>
<useDomainConstraints>false</useDomainConstraints>
<use>1</use>
<logicalDatatype>LOGDT024</logicalDatatype>
<dataTypeSize>50</dataTypeSize>
<ownDataTypeParameters>50,,</ownDataTypeParameters>
</Attribute>
</attributes>
<identifiers itemClass="oracle.dbtools.crest.model.design.logical.CandidateKey">
<identifier id="5C19BA0C-507A-E217-F0D6-FEFC9E6E77FA" name="APODERADO PK">
<createdBy>jose</createdBy>
<createdTime>2019-05-14 12:16:46 UTC</createdTime>
<ownerDesignName>Modelo OnTour</ownerDesignName>
<engineerTo>
<item key="08B88EAC-5B92-EED9-4254-04694DE2B260" value="true"/>
</engineerTo>
<pk>true</pk>
<usedAttributes>
<attributeRef>F7EF8587-216C-A940-EEDA-3EB58A62CA2E</attributeRef>
</usedAttributes>
</identifier>
</identifiers>
</Entity>